question,Subject,answer1,answer2,answer3,answer4,Correct_answer
В каком городе не работал великий композитор 18-го века Кристоф Виллибальд Глюк?,Искусство,Милан,Берлин,Вена,Париж,Берлин
Кто первым доказал периодичность появления комет?,Наука,Галилей,Галлей,Коперник,Кеплер,Галлей
"Про какую летнюю погоду говорят ""Вёдро"" ? ",Природа и животный мир,Теплая дождливая,Сухая ясная,Прохладная дождливая,Длительные заморозки,Сухая ясная
С какой из этих стран Чехия не граничит?,География,Германия,Венгрия,Австрия,Польша,Венгрия
Где в основном проживают таты?,История,Татарстан,Дагестан,Башкортостан,Туркменистан,Дагестан
"Как, в переводе на русский язык, звучало бы название фильма 'Мимино'? ",Фильмы,Медведь,Сокол,Гора,Любовь,Сокол
"Как называется курс парусного судна, совпадающий с направлением ветра? ",Разное,Бейдевинд,Фордевинд,Галфинд,Бакштаг,Фордевинд
"На вершине какой горы расположена сорокаметровая статуя Христа, являющаяся символом Рио-де-Жанейро? ",География,Тупунгато,Корковадо,Уаскаран,Ильимани,Корковадо
"Какое брюхо, согласно спорной русской пословице, глухо к ученью? ",Разное,Толстое,Сытое,Тощее,Пустое,Сытое
Благодаря какому животному Шурик познакомился с Ниной в к/ф 'Кавказская пленница'?,Фильмы,Верблюд,Осел,Конь,Ежик,Осел
Что из этого является видом ткани?,Разное,Креп-лизет,Креп-жоржет,Креп-мюзет,Креп-жаннет,Креп-жоржет
Как называется комедия В. В. Маяковского?,Литература,Пена,Клоп,Жук,Паук,Клоп
Кто является чемпионом гонок 'Формулы-1' 1998-99 г.г.?,Спорт,М. Шумахер,Хаккинен,Барикелло,Кулхард,Хаккинен
Чье произведение легло в основу оперы Дж. Верди 'Травиата'?,Литература,В. Гюго,А.Дюма-сына,О. Бальзака,Г. Флобера,А.Дюма-сына
Какой из этих городов - родина Казановы?,История,Неаполь,Венеция,Милан,Флоренция,Венеция
Кто считается основоположником кубизма?,Искусство,В. Кандинский,П. Пикассо,Ф. Леже,К. Малевич,П. Пикассо
Территория какой из этих стран - наибольшая?,География,Германия,Япония,Италия,Финляндия,Япония
Какая из этих кислот является витамином?,Наука,Молочная,Никотиновая,Яблочная,Янтарная,Никотиновая
Какая очередность этих трех букв в русском алфавите правильная?,Наука,Ь Ы Ъ,Ъ Ы Ь,Ъ Ь Ы,Ь Ъ Ы,Ъ Ы Ь
Какая березка стояла во поле?,Разное,Высокая,Кудрявая,Зеленая,Засохшая,Кудрявая
Кто из этих знаменитых людей не является тезкой остальных?,Разное,Боярский,Лужков,Лермонтов,Горбачев,Лужков
Какой ресторан находится на углу Старого и Нового Арбата?,Разное,Пекин,Прага,Белград,София,Прага
Какой вид березы славится красивой древесиной?,Природа и животный мир,Курильская,Карельская,Корейская,Канадская,Карельская
Какая поэма есть у В. В. Маяковского?,Литература,"""Свирель-губы""","""Флейта-позвоночник"""," ""Скрипка-ладони"""," ""Барабан-нервы""","""Флейта-позвоночник"""
Какая из этих рек впадает в Азовское море?,География,Днестр,Дон,Южный Буг,Днепр,Дон
Кто из этих великих футболистов прошлого был защитником?,Спорт,Платини,Беккенбауэр,Гарринча,Эйсебио,Беккенбауэр
Какую икру больше всего любил Джеймс Бонд?,Фильмы,Осетровую,Белужью,Севрюжью,Стерляжью,Белужью
"Какой цвет волос был у возлюбленной Тристана Изольды, если верить Бедье? ",Литература,Рыжий,Белокурый,Каштановый,Вороново крыло,Белокурый
У автомобилей какой из этих стран международный регистрационный знак DZ?,Разное,Белиз,Алжир,Бенин,Замбия,Алжир
Одним из направлений какой религиозной философии является учение дзен?,Наука,Иудаизм,Буддизм,Индуизм,Даосизм,Буддизм
В каком городе в 1932 году был проведён первый международный кинофестиваль?,Фильмы,Канн,Венеция,Париж,Берлин,Венеция
С какой фигуры начинаются соревнования по городошному спорту?,Спорт,Пулемётное гнездо,Пушка,Артиллерия,Часовые,Пушка
Сколько раз в сутки подзаводят часы на Спасской башне московского Кремля?,Разное,Один,Два,Три,Четыре,Два
Кто получил первую Нобелевскую премию по литературе?,Литература,Романист,Поэт,Драматург,Эссеист,Поэт
"С какой буквы начинаются слова, опубликованные в 16 м томе последнего издания Большой Советской энциклопедии? ",Литература,Н,М,О,П,М
"Как назвали первую кимберлитовую трубку, открытую Ларисой Попугаевой 21 августа 1954 года? ",Разное,«Удачная»,«Зарница»,«Мир»,«Советская»,«Зарница»
В честь какого растения область Фриули-Венеция-Джулия в Италии ежегодно проводит трёхмесячный фестиваль?,Природа и животный мир,лук,спаржа,фасоль,артишок,спаржа
"Как ""в народе"" называют химическое соединение - тринитротолуол? ",Наука,Пластид,Тротил,Гексаген,Динамит,Тротил
"У кого из ""вампиров"" кровь пьют только самки? ",Природа и животный мир,Летучие мыши,Комары,Пиявки,Клещи,Комары
В каком российском городе к его 300-летию был открыт памятник Зайцу?,География,Москва,Санкт-Петербург,Воронеж,Тула,Санкт-Петербург
Для чего зайцу его большие уши?,Природа и животный мир,Для красоты,"Они как рупоры, зайцу слышны даже самые тихие шорохи",Обмахиваться в жару,Для устрашения врагов-хищников,"Они как рупоры, зайцу слышны даже самые тихие шорохи"
Что обычно охотники замечают за зайцем?,Природа и животный мир,Он трубит,Он барабанит,Он бренчит,Он напевает,Он барабанит
Что при травле зайца кричали охотники?,Природа и животный мир,«Агу!»,«Ату!»,«А-та-та!»,«Ура!»,«Ату!»
Какого зайца НЕ бывает?,Природа и животный мир,Тумак,Чувак,Русак,Беляк,Чувак
Кто такой агути?,Природа и животный мир,Сутулый заяц,Горбатый заяц,Лысый заяц,Хромой заяц,Горбатый заяц
Заячьей картошкой в народе называют:,Природа и животный мир,Морковь,Гриб дождевик,Капусту,Кору деревьев,Гриб дождевик
"В русских сказках лисичка-сестричка, коза-дереза, а зайчик-... Кто? ",Литература,Попугайчик,Побегайчик,Петляйчик,Обгрызайчик,Побегайчик
Какая российская автономия полностью окружена Краснодарским краем?,География,Хакасия,Адыгея,Индушетия,Удмуртия,Адыгея
"Где жил старик со своею старухой из сказки А.С. Пушкина ""Сказка о рыбаке и рыбке""? ",Литература,в избушке,в землянке,в лачужке,в шалаше,в землянке
"Какой рыболовной снастью ловил рыбу старик из сказки А.С. Пушкина ""Сказка о рыбаке и рыбке""? ",Литература,Удочкой,Невод,Бреднем,Сачком,Невод
"За какую плату работал Балда у попа в сказке А.С. Пушкина ""Сказка о попе и работнике его Балде""? ",Литература,Три подзатыльника,Три щелчка по лбу,Три поцелуя,Три рубля,Три щелчка по лбу
"Сколько лет рыбачил старик из сказки А.С.Пушкина ""Сказка о рыбаке и рыбке""? ",Литература,43,33,23,53,33
"Какую позицию на поле называют ""голкипер""? ",Спорт,Защитник,Вратарь,Полузащитник,Нападающий,Вратарь
Официальный язык государства Израиль?,География,Фарси,Иврит,Русский,Арабский,Иврит
Как называется детеныш норки?,Природа и животный мир,Котенок,Щенок,Белек,Норик,Щенок
В артериях кровь движется...?,Разное,Сверху вниз,От сердца к органам,От органов к сердцу,Снизу вверх,От сердца к органам
От какого дерева появляются желуди?,Природа и животный мир,Каштан,Дуб,Ясень,Клен,Дуб
Где муха-цокотуха нашла денежку?,Литература,На лугу,В поле,В лесу,Во дворе,В поле
"Как звали крысу в сказке ""Золотой ключик""? ",Литература,Чучундра,Шушара,Мымра,Шуршелла,Шушара
Маленький мук из сказки был...?,Литература,Ребенком,Карликом,Лиллипутом,Подростком,Карликом
"Чем промышлял Дуремар из сказки ""Золотой ключик""? ",Литература,Лягушками,Пиявками,Бабочками,Стрекозами,Пиявками
Где сидит Доктор Айболит?,Литература,В Ленинграде,Под деревом,В домике,В больнице,Под деревом
Что такое обувница?,Разное,Воровка,Предмет мебели для обуви,Ложка для обуви,Работница обувной,Предмет мебели для обуви
Корюшка - это...,Природа и животный мир,Птичка,Рыбка,Крючок,Растение,Рыбка
В какое море впадает Жёлтая река?,География,Ионическое море,Жёлтое море,Чёрное море,Каспийское море,Жёлтое море
Кто был главным врагом трех поросят?,Литература,Троллль,Волк,Мышь,Мясник,Волк
"Какая планета совершает 1 оборот вокруг солнца со скоростью 47,9 км/с ",Наука,Марс,Меркурий,Юпитер,Сатурн,Меркурий
Какого города нет в Казахстане?,География,Шымкент,Самарканд,Караганда,Пвлодар,Самарканд
Кем по образованию был Антон Павлович Чехов?,Литература,Юрист,Врач,Учитель,Дипломат,Врач
Какой из театров Москвы носит имя А.П. Чехова?,Искусство,Большой театр,МХАТ (МХТ),Малый театр,Театр «Сатирикон»,МХАТ (МХТ)
Как звали тонкого в рассказе А.П. Чехова «Толстый и тонкий»?,Литература,Акакий,Порфирий,Нафанаил,Ермолай,Порфирий
Кому из обитателей палаты №6 в одноименном рассказе А.П.Чехова разрешалось выходить из флигеля и больничного двора на улицу?,Литература,Громову,Моисейке,Сортировщику,Паралитику,Моисейке
Сестры с каким именем не было среди героинь чеховских «Трёх сестёр»?,Литература,Мария,Анна,Ирина,Ольга,Анна
Какой из этих литературных шедевров с четвероногими героями принадлежит перу А.П. Чехова?,Литература,«Белый пудель»,«Каштанка»,«Му-му»,«Белый Бим Чёрное Ухо»,«Каштанка»
Рассказ А.П.Чехова о несчастном ревматике.,Литература,Случай из практики,Сапоги,Хирургия,Припадок,Сапоги
В какой пьесе А.П. Чехова герой обращался к шкафу с эпитетом «многоуважаемый»?,Литература,«Три сестры»,«Вишневый сад»,«Чайка»,«Дядя Ваня»,«Вишневый сад»
В каком итальянском городе была выведена известная порода комнатных собак?,География,Сиракуза,Болонья,Падуя,,Болонья
Какая рыба является самым крупным пресноводным хищником?,Природа и животный мир,Судак,Cом,Щука,,Cом
Президент какой республики в 1996 году был избран президентом ФИДЕ?,История,Абхазии,Калмыкии,Башкирии,,Калмыкии
Как звали младшего сына легендарного комдива Василия Ивановича Чапаева?,История,Иван,Аркадий,Евгений,Семён,Аркадий
Чему равна сумма чисел от 0 до 100 включительно?,Разное,3525,5050,1000,7550,5050
Какой буквой физики обозначают ускорение свободного падения?,Наука,f,g,n,m,g
Кто из этих российских императоров и императриц правил раньше остальных?,История,Анна Иоановна,"Елизавета Петровна, Петр III, Екатерина II",Петр III,Екатерина II,Анна Иоановна
Как называл народ медную монету в 3 копейки после 40 годов XIX века?,История,Гривенный,Гривенник,Гривна,Грош,Гривенный
На борту какого линкора ВМФ США был подписан акт о капитуляции Японии во второй мировой войне?,История," ""Айова""","""Висконсин""","""Миссури"""," ""Нью-Джерси""","""Миссури"""
"Из произведений какого писателя физики заимствовали слово ""кварк""? ",Литература,Уильям Теккерей,Льюис Кэррол,Джеймс Джойс,Уильям Фолкнер,Джеймс Джойс
Какой европейский город раньше носил название Лютеция?,География,Милан,Тулуза,Париж,Лондон,Париж
"Сенатором какого штата был Ал Гор до того, как стал вице-президентом США? ",История,Алабама,Арканзас,Теннесси,Миссисипи,Теннесси
В какие годы строился Колизей?,История,580-605,260-300,72-80,1085-1124,72-80
Изобретатель тачки?,История,Архимед,Пифагор,Паскаль,Эдисон,Паскаль
"Назовите греческого атлета, выигравшего марафон на Первой Олимпиаде нашего времени. ",История,Клиридис,Костакис,Луис,Лумидис,Луис
Что из перечисленного является единственным колониальным владением Британии в Европе?,География,Андорра,Монако,Гибралтар,Люксембург,Гибралтар
Облик какой женщины дошёл до наших дней благодаря скульптору Тутмесу?,История,Далилы,Клеопатры,Нефертити,Семирамды,Нефертити
"Кто из этих известных актеров и режиссеров, народных артистов СССР, стал министром культуры своей страны? ",Искусство,Вия Артмане,Донатас Банионис,Богдан Ступка,Роберт Стуруа,Богдан Ступка
Кто из этих людей не был писателем ? A: Во B: Ге C: Ле D: По,Литература,По,Во,Ге,Ле,Ге
Кто стал самым молодым маршалом Советского Союза в истории СССР?,История,В.К.Блюхер,Г.К.Жуков,М.Н.Тухачевский,К.К.Рокоссовскийий,М.Н.Тухачевский
Какой из этих городов до воссоединения Германии был в составе ГДР? A: Трир B: ВейБрауншвейгмар C: D: Ганновер,История,Трир,Ганновер,Веймар,Ганновер,Веймар
Как назывался первый атомный ледокол СССР?,История,Свердлов,Сталин,Ленин,Киров,Ленин
В какой стране на население наводили ужас тонтон-макуты?,Разное,Парагвай,Куба,Гаити,Гватемала,Гаити
Как называлась столица государства ацтеков?,История,Кетцалькоатль,Монтесума,Теночтитлан,Мехико,Теночтитлан
Назовите административный центр (столицу) штата Флорида,География,Джуно,Майами,Таллахасси,Сакраменто,Таллахасси
Какое российское флотское звание было у Витуса Беринга?,История,Вице-адмирал,Контр-адмирал,Капитан-командор,Капитан 1 ранга,Капитан-командор
Что означает количество пятнышек у божьей коровки?,Природа и животный мир,Пол,Возраст,Вид,Дату рождения,Вид
Какая пара этих знаменитых писателей состоит из родных братьев?,Литература,Ян и Пабло Неруды,Ирвин и Бернард Шоу,Генрих и Томас Манны,Грэм и Александр Грины,Генрих и Томас Манны
Кому и в какой глаз впился князь Гвидон в образе комара?,Литература,Поварихе в левый,Ткачихе в левый,Поварихе в правыйихе в правый,ткачихе в правый,Поварихе в правыйихе в правый
"Игроков какой команды называют ""армейцами"" ",Спорт,Спартак,Динамо,"""ЦСКА""",Локомотив,"""ЦСКА"""
К какому семейству рыб принадлежит пескарь?,Природа и животный мир,Бычковые,Щуковые,Карповые,Колюшковые,Карповые
Кто из этих астрономов 1 ноября 1977 года открыл Хирон - малую планету Солнечной системы?,Наука,Карл Сейферт,Дирк Брауэр,Чарльз Коуэл,Жан Пикар,Чарльз Коуэл
Кто из этих русских писателей прожил самую долгую жизнь?,Литература,М. М. Пришвин,Л. Н. Толстой,И. А. Бунин,П. П. Бажов,И. А. Бунин
"При введении в России табели о рангах право на личное дворянство имели даже чиновники низшего, 14-го класса. А с какого класса это право сохранилось после 1845 г.? ",История,10,8,9,11,9
Какой советский орден был инкрустирован бриллиантами?,История,Орден Красного Знамени,Орден Ленина,Орден Победы,Орден Красной Звезды,Орден Победы
Под каким названием всему миру была известна разведслужба бывшей ГДР?,История,АНБ,МИ-6,ШТАЗИ,МОССАД,ШТАЗИ
Сказочный Доктор?,Литература,Фельдшер,Окулист,Айболит,Медик,Айболит
Куда отправляет Военкомат?,Разное,Отдыхать,Отбывать,Служить,Работать,Служить
Сколько циферблатов у курантов Спасской башни?,Разное,6,2,4,8,4
"Какая из этих пород уток является яичной, а не мясной?",Разное,Серые украинские,Пекинские,Индийские бегуны,Черные белогрудые,Индийские бегуны
В каком году советские войска одержали победу в Курской битве?,История,1942,1939,1943,1952,1943
Кто изображен на правом плече Марадоны?,История,Ким Чен Ир,Фидель Кастро,Че Гевара,Пеле,Че Гевара
Что не является знаком препинания?,Разное,Вопросительный знак,Запятая,Твердый знак,Восклицательный знак,Твердый знак
Растворитель для акварельных красок?,Разное,Бензин,Спирт,Вода,,Вода
Что такое сруб?,Разное,Срубленное дерево,Место где срублено,Деревянное строение,,Деревянное строение
Что не является кисломолочным продуктом?,Разное,Сметана,Сыр,Майонез,Творог,Майонез
Что такое дельта реки?,География,Исток,Русло,Устье,,Устье
Машинка для выравнивания грунта,Разное,грейдер,каток,скрепер,,скрепер
Сообразительность?,Разное,сметка,сметка,сметка,сметка,сметка
Какой из этих цветов не относится к тёплым?,Разное,Коричневый,Оранжевый,Синий,Красный,Синий
Цветы какого из этих растений не голубого цвета?,Природа и животный мир,Колокольчик,Василек,Лютик,Незабудка,Лютик
"Что означает слово ""бедуин"" на арбском языке? ",Разное,Путешественники,Искатели воды,Обитатели пустыни,Корабли пустыни,Обитатели пустыни
"На какой вопрос никогда нельзя правда ответить ""Да""? ",Разное,Мёртв,Глухонемой,Спишь,,Спишь
Небольшие скалистые острова у невысоких берегов морей,География,ледники,риф,шхерыы,атоллы,шхерыы
Кто стал президентом российской федерации в 2012 году?,История,Прохоров,Медведев,Путин,Шабельский,Путин
BanTis,Разное,прозвище,человек,фирма,фамилия,фирма
"Какое воинское звание было у Хозе в опере ""Кармен"" ",Искусство,Лейтенант,Майор,Сержант,Солдат,Сержант
"Где Николай Чернышевский написал свой роман ""Что делать?"" ",Литература,В ссылке,Дома,В тюрме,На каторге,В тюрме
Ворот пиджака портной начинает отмерять с...,Разное,3,1,7 позвонка,4,7 позвонка
Год основания группы Rammstein,Искусство,2008,1995,1994,1973,1994
Фамилия вокалиста Linkin Park,Искусство,Шинода,Бенингтон,Беннинтгон,Дёрст,Беннинтгон
Сколько атомов кислорода содержится в молекуле озона?,Наука,2,4,3,6,3
Сколько горошин войдут в стакан ?,Разное,ни сколько,столько скоко влязят,горшины не ходят,смотря скоко горошины,горшины не ходят
Много людей сопровождают в последний путь своего родственника/знакомого. Как это называется?,Разное,смерть,упокоение,похороны,погребение,похороны
Какому коню в зубы не смотрят?,Разное,Горем убитому,Жареному,Дарёному,С кариесом,Дарёному
Уровень материнской смертности определяется как число погибших матерей на:,Наука,1000 живорожденных,100 000 беременностей,100 000 живорожденных,1000 беременностей,100 000 живорожденных
В каком году родилась Селена Гомес?,Искусство,В 1993 году.,В 1989 году.,В 1992 году.,В 1999 году.,В 1992 году.
На какой реке стоит город Саратов?,География,Дон,Кама,Волга,Обь,Волга
"За что тянул себя барон Мюнхгаузен, чтобы выбраться из тресины? ",Литература,за язык,за ухо,за волосы,за голову,за волосы
Сколько родных братьев и сестёр было у Рона?,Фильмы,4,5,6,3,6
В какой из этих столиц союзных республик раньше всего появилось метро?,География,Баку,Ереван,Тбилиси,Минск,Тбилиси
В форме какого животного обычно делают копилки для монет?,Разное,Броненосец,Корова,Свинья,Свинья,Свинья
На окошке сидит кошка всё как у кошки но не кошка.,Разное,котёнок,тигр,кот,дикая кошка,кот
В каком образе бог Вишну не появлялся на земле?,История,Рыбы,Черепахи,Слона,Вепря,Слона
"Как заканчивается выражение ""Врет как...""? ",Разное,Розовый слон,Зеленый змий,Сивый мерин,Серый заяц,Сивый мерин
Какое устройство применяли во время инквизиции?,История,японские гета,португальский башмак,испанский сапог,русский валенок,испанский сапог
Какой из этих регионов - не на территории Италии?,География,Ломбардия,Тоскана,Савойя,Умбрия,Савойя
Как по-научному называется питьевой спирт?,Наука,Политура,Метанол,Этанол,Микстура,Этанол
Какая из этих премий впоследствии была переименована в Государственную премию СССР?,История,Ленинская,Ломоносовская,Сталинская,Нобелевская,Сталинская
В какой области науки проявились выдающиеся способности Софьи Ковалевской?,Наука,Биология,Химия,Математика,Философия,Математика
Какую из этих опер написал Моцарт?,Искусство," ""Сельская честь""","""Сицилийская вечерня""","""Свадьба Фигаро"""," ""Севильский цирюльник""","""Свадьба Фигаро"""
"Какое из этих прозаических произведений, А.С.Пушкин написал от женского имени? ",Литература," ""Кирджали""","""Выстрел""","""Рославлев"""," ""Египетские ночи""","""Рославлев"""
Из какого меxа сделаны шапки королевскиx гвардейцев Великобритании?,Разное,Овечий,Волчий,Медвежий,Соболиный,Медвежий
"Назовите вслед за Н. В. Гоголем вторую беду России, кроме дорог ? ",Литература,Пьяницы,Умники,Дураки,Олигархи,Дураки
Как иначе называют гевею?,Природа и животный мир,нейлоновое дерево,виниловое дерево,резиновое дерево,пластмассовое дерево,резиновое дерево
Что у моряков называется камбузом?,Разное,Мостик капитана,Машинное отделение,Кухня,Кладовая,Кухня
Как звали знаменитого мореплавателя Кука?,География,Джон,Томас,Джеймс,Джозеф,Джеймс
Как звали прославленного английского флотоводца Нельсона?,Разное,Герберт,Грегори,Горацио,Георг,Горацио
Чей бюст созерцает Аристотель на портрете Рембрандта?,Искусство,Аякса,Сократа,Гомера,Геракла,Гомера
"Какие цветы распускаются в парке ""Чаир""? ",География,Хризантемы,Астры,Розы,Ромашки,Розы
Из какого злака получают манную крупу?,Природа и животный мир,ячмень,рожь,пшеница,просо,пшеница
Какая террористическая организация похитила и убила премьер-министра Италии Альдо Моро?,История,Черный сентябрь,Коза ностра,Красные бригады,Черные пантеры,Красные бригады
"Футболист какого амплуа изобрёл «удар скорпиона», отбив мяч в прыжке пятками? ",Спорт,защитник,полузащитник,вратарь,нападающий,вратарь
Как называется группа из пяти фигурок - официальный талисман Олимпийских игр в Пекине?,Спорт," ""Братья фортуны""","""Сыновья победы""","""Дети удачи"""," ""Друзья спорта""","""Дети удачи"""
Главный герой какого романа Ф.М. Достоевского мечтал стать Ротшильдом?,Литература,Бесы,Идиот,Подросток,Братья Карамазовы,Подросток
Кто из этих великих российских архитекторов был ярким представителем стиля барокко?,Искусство,Баженов,Монферран,Растрелли,Казаков,Растрелли
Какой из этих химических элементов был открыт в России?,Наука,Тулий,Родий,Рутений,Самарий,Рутений
"Как называется надпись на лицевой или оборотной стороне монеты, медали? ",Разное,Поясниловка,Гурт,Легенда,Номинал,Легенда
Какое кодовое название было у первого термоядерного взрывного устройства?,Разное,Малыш,Тринити,Майк,Толстяк,Майк
Какой пистолет Остап Бендер обещал дать Кислярскому в романе «Двенадцать стульев»?,Литература,маузер,наган,парабеллум,браунинг,парабеллум
"Кто написал текст российского гимна «Боже, царя храни»? ",История,Пётр Вяземский,Гаврила Державин,Василий Жуковский,Фёдор Тютчев,Василий Жуковский
Кто добился упразднения ордена тамплиеров в 1312 году?,История,Филипп II Габсбург,Филипп II Август,Филлип IV,Филлип III,Филлип IV
"Какой чин имел Лукаш, у которого бравый солдат Швейк был денщиком? ",Литература,Капитан,Подпоручик,Поручик,Фельдкурат,Поручик
"Какая из этих команд собаке, означает ""смирно""? ",Разное,Апорт!,Куш!,Тубо!,Фас!,Тубо!
"Сколько фишек надо поставить подряд в линию, чтобы одержать победу в рэндзю? ",Разное,7,6,5,8,5
Какой крепёжный не имеет резьбы?,Разное,шуруп,болт,шплинт,гайка,шплинт
На чём рисуют специалисты по латте-арт?,Разное,На кофейной чашке,На кофейной этикетке,На кофейной пенке,На кофейном дереве,На кофейной пенке
Кому в пожизненное пользование была предоставлена скрипка работы Антонио Страдивари?,Искусство,М. Ростроповичу,Е. Мравинскому,В. Спивакову,И. Брилю,В. Спивакову
Что несколько лет назад обнаружил в Мёртвом море израильский учёный Соломон Вассер?,Наука,жемчуг,кораллы,грибы,осколок метеорита,грибы
Какой стране принадлежат Шантарские острова?,География,Филиппины,Индонезия,Россия,Въетнам,Россия
Назовите имя и отчество морганатического супруга императрицы Елизаветы Петровны графа Разумовского,История,Андрей Кириллович,Алексей Кириллович,Алексей Григорьевич,Кирилл Григорьевич,Алексей Григорьевич
"""Заморская провинция"" какой страны до самого последнего времени существовала на территории Китая? ",География,Нидерланды,Испания,Португалия,Франция,Португалия
Героя романа какого из этих писателей звали Ловеласом?,Литература,А. де Мюссе,Т. Готье,С. Ричардсон,Ж. Санд,С. Ричардсон
Какая олимпийская дистанция плавания самая длинная?,Спорт,2000 м,800 м,1500 м,1000 м,1500 м
Какое животное изображено на гербе Челябинска,История,Волк,Лиса,Верблюд,Медведь,Верблюд
Какая из этих археологических культур относится к мезолиту?,История,Халафская,Хассунская,Азильская,Перигорская,Азильская
Кто из великих художников Возрождения расписывал Сикстинскую капеллу Ватикана?,Искусство,Рафаэль,Леонардо,Микеланджело,Тициан,Микеланджело
Из скольких слогов традиционно состоит хайку?,Разное,21,7,17,100,17
Денежная единица Узбекистана,Разное,Сум,Сум,Сум,Сум,Сум
Ден.единица ЮАР,Разное,Рэнт,Рэнд,Рэнд,Рэнд,Рэнд
"Ден.единица(Норвегии,Швеции,Дании,Чехии,Эстонии в 2010 году) ",Разное,Крона,Крона,Крона,Разменная монета эре,Крона
Валюта Таджикистана,Разное,Сомони,Сомони,Сомони,Сомони,Сомони
"Как назывался первый пассажирский пароход, пересекший Атлантический океан без помощи парусов? ",Разное,Альдебаран,Вега,Сириус,Альтаир,Сириус
Как называется русский традиционный пирог?,Разное,Отлупи,Выпори,Расстегай,Забей,Расстегай
"История какого театра началась со спектакля ""Добрый человек из Сезуана""? ",Искусство," ""Современник""",Ленком,театр на Таганке," ""Табакерка""",театр на Таганке
"Назовите населенный пункт, куда Петр II сослал А. Д. Меньшикова ",История,Торжок,Тобольск,Березов,Кемь,Березов
Какое произведение Моцарта было завершено другим композитором?,Литература," ""Волшебная флейта""","""Дон Жуан""",Реквием," ""Свадьба Фигаро""",Реквием
"Их в России 19-го века, называли рыцарями зеленых полей ",История,Шулеры,Шулеры,Шулеры,Шулеры,Шулеры
"Кто из этих должностных лиц, заведовал при дворе Екатерины II винными погребами? ",История,Обер-Гофмейстер,Обер-Гофмаршал,Обер-Шенк,Обер-шталмейстер,Обер-Шенк
Известная кулинарная передача со строгим ведущим на рен тв.,Разное,Адская кухня,Адская кухня,Адская кухня,Адская кухня,Адская кухня
Какой актёр поменял своё настоящее имя Альберт на Олег?,Фильмы,Олег Даль,Олег Анофриев,Олег Борисов,Олег Анофриев,Олег Борисов
В какой стране зародилась игра кегли?,Спорт,Швейцария,Голландия,Германия,Австрия,Германия
Что из этих сооружений стало названием романа М. С. Шагинян?,Литература,Газоцентраль,Теплоцентраль,Гидроцентраль,Электроцентраль,Гидроцентраль
"Кто сыграл Мальволио в фильме ""Двенадцатая ночь""? ",Фильмы,Филиппов,Ильинский,Меркурьев,Яншин,Меркурьев
Какова масса ядра в соревнованиях женщин?,Спорт,3,5 кг,4 кг,5 кг,4 кг
Какое вино необходимо для приготовления классического крюшона?,Разное,Портвейн,Мадера,Белое столовое,Красное столовое,Белое столовое
Какому времени года соответствует 2-й месяц французского республиканского календаря брюмер?,Разное,Лето,Весна,Осень,Зима,Осень
С каким животным связана история основания города Ярославля?,История,Мышь,Скунс,Медведь,Белка,Медведь
Какие московские пруды одно время назывались Пионерскими?,История,Сарлетские,Борисовкие,Патриаршие,Чистые,Патриаршие
Сборная какой страны стала в 1991 году первым чемпионом мира по женскому футболу?,Спорт,России,Бразилии,США,Польши,США
Какую оперу поставил в Мариинском театре Андрон Кончаловский?,Искусство," ""Хованщина""","""Борис Годунов""","""Война и мир"""," ""Евгений Онегин""","""Война и мир"""
Какой математический символ ввёл в математику Лейбниц?,Наука,модуль,логарифм,интеграл,квадратный корень,интеграл
"Сколько стран одновременно победили на конкурсе ""Евровидение"" в 1969 году? ",Искусство,Три,Две,Четыре,Пять,Четыре
Кто такой речной сверчок?,Природа и животный мир,насекомое,рыба,птица,рептилия,птица
"Назовите фамилию режиссера фильма ""9 дней одного года"". ",Фильмы,Калатозов,Роом,Ромм,Баталов,Ромм
"Какое прозвище, ставшее фамилией, получил знаменитый шведский хоккеист Свен Юханссон? ",Спорт,Сейф,Комод,Тумба,Шкаф,Тумба
Кто из этих художников написал знаменитый портрет Ф.И. Шаляпина в шубе?,Искусство,Репин,Бродский,Кустодиев,Врубель,Кустодиев
В какиx войскаx служил Лев Толстой?,История,Пеxота,Флот,Артиллерия,Кавалерия,Артиллерия
На какой реке стоит Тверь?,География,Волга,Днепр,Урал,Тверь,Волга
Как по-другому называют койота?,Природа и животный мир,Луговой волк,Пустынный волк,Тропический волк,Лесной волк,Луговой волк
В каком клубе завершил свою карьеру легендарный хоккеист Уэйн Гретцки?,Спорт,"""Нью-Йорк Рейнджерс""","""Монреаль Канадиенс"""," ""Филодельфия Флаерс"," ""Уолл-стрит Всет""","""Нью-Йорк Рейнджерс"""
"Какая книга в русском переводе впервые вышла под названием ""Не любо, не слушай, а врать не мешай""? ",Литература,"""Приключения Мюнхгаузена""","""Гаргантюа и Пантагрюэль"""," ""Путешествие Гулливера"""," ""Робинзон Крузо""","""Приключения Мюнхгаузена"""
Какую рыбу совершенно справедливо можно назвать макрелью?,Природа и животный мир,скумбрию,ставриду,сёмгу,тунца,скумбрию
Какой из русских живописцев взял в качестве псевдонима своё детское прозвище?,Искусство,В.Г.Перов,И.Е.Репин,В.И.Суриков,А.К.Саврасов,В.Г.Перов
Как называется яркая звезда - альфа Южной Рыбы?,Природа и животный мир,Фомальгаут,Ригель,Ахернар,Бетельгейзе,Фомальгаут
Кто основал 1250 лет назад во франкском государстве династию Каролингов?,История,Пипин Короткий,Карл Великий,Хлодвиг I,Карл Мартелл,Пипин Короткий
Кого иногда называют спрутом?,Природа и животный мир,осьминога,кашалота,медузу,каракатицу,осьминога
Какой язык является государственным языком Эфиопии?,География,Амхарский,Тигре,Арабский,Суахили,Амхарский
В честь кого получил своё имя популярный салат «Цезарь»?,Разное,повара — создателя салата,птицы цесарки,Чезаре Борджиа,Юлия Цезаря,повара — создателя салата
"Отдел пищеварительной системы, на стенкаx которого располагаются ворсинки? ",Разное,Тонкая кишка,Пищевод,Прямая кишка,Желудок,Тонкая кишка
Температура абсолютного нуля по Фаренгейту - это:,Наука,-457.87 градусов,-273.15 граду,-17.8 градусов,0 градусов,-457.87 градусов
Под каким именем известен любителям советской поэзии Евгений Скурко?,Литература,Максим Танк,Фёдор Пушка,Семён Пулемёт,Егор Бронепоезд,Максим Танк
Как называется третья нота в гамме в соль мажор?,Искусство,Си,Фа,Ре,Ля,Си
Какая порода собак является миниатюрной копией грейхаунда?,Природа и животный мир,Левретка,Такса,Болонка,Чау-чау,Левретка
"Что означает слово ""Баунти""? ",Разное,Щедрость,Сладость,Кокос,Жадность,Щедрость
В каком веке Ватикан перестал издавать Индекс запрещённых книг?,История,20,17,18,19,20
В какой день ноября проводятся каждые четыре года выборы президента США?,История,В 1-й Вт после 1-го Пн,В любой по решению Сената,В 1-е воскресенье,За 20 дн. до дня Благодарения,В 1-й Вт после 1-го Пн
Что в свободное время мастерил химик Д.И.Менделеев?,Наука,Чемоданы,Коврики,Табуретки,Игрушки,Чемоданы
Какой российский политик родился в селе Бутка Свердловской области?,История,Борис Ельцин,Михаил Горбачёв,Сергей Шойгу,Владимир Путин,Борис Ельцин
"Кому приходилось заниматься разделыванием под орех, что и породило известный неологизм? ",Разное,столяру,повару,конюху,кузнецу,столяру
Какой народный промысел прославил тобольских мастеров?,История,резьба по кости,чугунное литьё,малахитовые шкатулки,пуховые платки,резьба по кости
"Кто, по русским летописям, заселил европейскую часть нынешней России после потопа? ",История,Иафет,Хам,Ной,Сим,Иафет
Какой жанр голандской живописи 17 века предназначался для напоминания о быстротечности жизни и неизбежности смерти?,Искусство,Ванитас,Готика,Бодегон,Бомбочады,Ванитас
Как по-научному называется выгорание взрывчатого вещества?,Наука,Дефлаграция,Диффамация,Эксплорация,Дефламмизация,Дефлаграция
"Что хакеры называют ""пагой""? ",Разное,Web-страничку,Погоду,Игру,Пейджер,Web-страничку
Какой римский император был отцом императора Тита?,История,Веспасиан,Адриан,Домициан,Клавдий,Веспасиан
Как раньше называлась игра в шахматы?,История,Чатуранга,Чачуранга,Матуранга,Пануранга,Чатуранга
В какой пустыне в 1923 году были впервые обнаружены остатки гнезд динозавров с лежащими там окаменевшими яйцами?,История,Гоби,Ливийская,Калахари,Атакама,Гоби
"Что такое ферменты, биологические катализаторы? ",Наука,Белки,Кислоты,Жиры,Паразиты,Белки
На какой реке стоит город Прага?,География,Влтава,Тиса,Лаба,Одра,Влтава
Как в 1987 году назывался город Набережные Челны?,География,Брежнев,Суслов,Андропов,Подгорный,Брежнев
"Известно, что некоторые буквы кириллицы имели и цифровое значение. Чему равнялась буква ""Ферт""? ",Разное,500,300,400,600,500
Какой калибр у автоматической винтовки М16 производства США?,Разное,5.56 мм,7.56 мм,9-й калибр,113 дюйма,5.56 мм
Какой бег упомянут в названии короткометражки Леонида Гайдая?,Спорт,кросс,трусца,стипль-чез,марафон,кросс
"Что, по мнению Веры из к/ф ""Служебный роман"", делает женщину женщиной? ",фильмы,Обувь,Прическа,Обувь,Макияж,Обувь
Как называется соревнование разных по классу участников с предоставлением форы слабейшим?,Спорт,Гандикап,Пелетон,Форманта,Ганглиоз,Гандикап
Какой напиток входит в коктейль «Свободная Куба»?,Разное,ром,виски,бренди,водка,ром
Что из этого является витамином?,Разное,Ретинол,Гамма-глоубин,Ализарин,Фенолфталеин,Ретинол
Кто из этих витязей не был рыцарем круглого стола?,История,Тристан,Парсифаль,Галахад,Ланселот,Тристан
В каком из этих фильмов не снимался Павел Луспекаев?,Фильмы,"""Дело пестрых""","""Республика ШКИД"""," ""Белое солнце пустыни"""," ""Тайна двух океанов""","""Дело пестрых"""
Национальным танцем какой страны является полька?,География,Чехия,Австрия,Венгрия,Польша,Чехия
Какой из этих спутников - спутник Сатурна?,Наука,Янус,Элара,Карме,Титания,Янус
Какая из этих звезд не входит в большой летний треугольник?,Наука,Сириус,Вега,Альтаир,Денеб,Сириус
Какая река имеет притоки Уругвай и Парагвай?,География,Парана,Колорадо,Миссисипи,Евфрат,Парана
Каких мужчин боятся больные погонофобией?,Разное,Бородатых,Лысых,Рыжих,Усатых,Бородатых
В какую страну вторглись советские войска 30 ноября 1939 года?,история,Финляндия,Польша,Иран,Румыния,Финляндия
Военно-политический союз России с какой страной стал предпосылкой образования Антанты?,история,Франция,Германия,Англия,Испания,Франция
Какая сельскохозяйственная культура сама удобряет почву?,Природа и животный мир,Горох,Свекла,Кукуруза,Рожь,Горох
Какой народ на Руси называли лопарями?,История,Саамов,Карелов,Ненцев,Коми,Саамов
"Как называется ненависть, нетерпимость к кому-либо или чему-либо чужому, незнакомому, непривычному? ",Разное,Ксенофобия,Иорофобия,Клаустрофобия,Агорафобия,Ксенофобия
Какое из этих австралийских животных не имеет сумки?,Природа и животный мир,Утконос,Ехидна,Коала,Вомбат,Утконос
Как называется двугорбый верблюд?,Природа и животный мир,Бактриан,Дромедар,Нар,Дромадер,Бактриан
Какая религия запрещает изображение человека в натуральную величину?,История,Ислам,Буддизм,Иудаизм,Христианство,Ислам
За достижения в какой области получил Нобелевскую премию главный редактор Большой советской энциклопедии Александр Прохоров?,Наука,физика,химия,физиология и медицина,литература,физика
Какого цвета ягоды ядовитого плюща?,Природа и животный мир,Белые,Синие,Красные,Черные,Белые
Что человек может сделать для гибискуса?,Природа и животный мир,полить,вычистить клетку,расчесать шерсть,поменять воду в аквариуме,полить
Какую музыкальную группу основал известный рок-певец Крис Норман?,Искусство,"""Smokie""","""Siade"""," ""Status Quo"""," ""Sweet""","""Smokie"""
Чем в Древней Греции руководил корифей?,История,хором,школой,посольством,строительством,хором
Какое вещество никогда не переходит в твёрдое состояние при нормальном давлении?,Наука,Гелий,Водород,Кислород,Азот,Гелий
Для какой нации романшский язык является национальным?,География,Швейцария,Австрия,Албания,Болгария,Швейцария
Что из этого остров (остальные - города)?,География,Санта-Исабель,Санта-Ана,Санта-Моника,Санта-Марта,Санта-Исабель
За какое время периода Земля оборачивается вокруг Солнца?,Природа и животный мир,За год,За месяц,За неделю,За сутки,За год
Какое из этих вин красное?,Разное,Мукузани,Ркацители,Цинандали,Гевюрцтраминер,Мукузани
Как называется самый многочисленный отряд млекопитающих?,Природа и животный мир,грызуны,хищные,кошачьи,приматы,грызуны
Кто в 1949 году стал первым канцлером ФРГ?,История,Аденауэр,Шмидт,Брандт,Эрхард,Аденауэр
Какой город оказался в блокаде во время Великой Отечественной войны?,История,Ленинград,Горький,Куйбышев,Киев,Ленинград
Где прожил последние годы до возвращения в США Эрнест Хемингуэй?,Литература,Куба,Испания,Ямайка,Гаити,Куба
Что является частью музыкального инструмента тромбона?,Искусство,кулиса,рампа,занавес,сцена,кулиса
Какая школа в 18 веке размещалась в Москве в Сухаревой башне?,История,навигацкая,пожарная,балетная,музыкальная,навигацкая
"Слово кибернетика - производное от греческого слова, означающего: ",Наука,Искусство управления,Быстрый счет,Божественное знание,Направленное действие,Искусство управления
Что обозначала буква О в аббревиатуре ОГПУ?,История,Объединенное,Общесоюзное,Оборонное,Отдельное,Объединенное
У автомобилей какой из этих стран международный регистрационный знак ES?,Разное,Сальвадор,Египет,Эстония,Испания,Сальвадор
"Как называли низкосортную, дешёвую колбасу? ",Разное,"""собачья радость""","""крокодиловы слёзы"""," ""телячьи нежности"""," ""лебединая песня""","""собачья радость"""
"Какое из этих мясных блюд, можно отнести к колбасным изделиям? ",Разное,Зельц,Бастурма,Карбонад,Буженина,Зельц
Музыка к какому балету написана не Родионом Щедриным?,Искусство,«Спартак»,«Чайка»,«Анна Каренина»,«Конёк-Горбунок»,«Спартак»
"Где два Стивена, Джобс и Возняк, собрали свой первый полноценный персональный компьютер? ",Наука,в гараже,на чердаке,на кухне,в сауне,в гараже
Кто стрелял в Мадонну во время выступления на стадионе Джонна Кеннеди?,Искусство,Шон Пенн,Уорен Битти,Хаттаб Эмир,Джон Хинки,Шон Пенн
Какой танец на придворных балах начала XIX века исполняли первым?,Искусство,Полонез,Менуэт,Вальс,Мазурка,Полонез
Какой город является административным центром (столицей) штата Техас?,География,Остин,Даллас,Хьюстон,Сан-Антонио,Остин
Как называется один из важнейших фондовых индексов в Японии?,География,Nikkei,Yisei,Nippon,Nisei,Nikkei
Какой город с 1845 по 1936 годы называли Тифлисом?,История,Тбилиси,Туапсе,Кутаиси,Сухуми,Тбилиси
"Как называется документ, определяющий правила награждения орденом и его ношения? ",Разное,Статут,Статус,Хартия,Устав,Статут
"Как назывался ящик, в который при царе Алексее Михайловиче складывали жалобы на дьяков и подьячих? ",История,долгий,короткий,чёрный,ящик Пандоры,долгий
"Кто автор подписи на Могиле Неизвестного Солдата «Имя твоё неизвестно, подвиг твой бессмертен»? ",История,Сергей Михалков,Максим Горький,Иосиф Сталин,Георгий Жуков,Сергей Михалков
Как настоящая фамилия Игоря Северянина?,Литература,Лотарев,Лопарев,Лекарев,Лазарев,Лотарев
"Как звали последнего царя Македонии, правившего до 168 г. до н. э.? ",История,Персей,Тесей,Протей,Антей,Персей
Как называется фильм Серджо Леоне?,Фильмы,«Однажды в Америке»,"""Порой в Европе""",«Раз в Африке»,«Когда-то в Антарктиде»,«Однажды в Америке»
"Кого В.Серов изобразил на картине ""Девочка с персиками""? ",Искусство,Дочь мецената Саввы Мамонтова,Племяннику Михаила Врубеля,Подружку сына Виктора Васнецова,Свою двоюродную сестру,Дочь мецената Саввы Мамонтова
В каком отделе позвоночника человека позвонки являются неподвижными?,Разное,В крестцовом,В шейном,В грудном,В поясничном,В крестцовом
Какую из этих пьес написал М. Булгаков?,Литература,"""Зойкина квартира""","""Машенька"""," ""Таня"""," ""Любовь Яровая""","""Зойкина квартира"""
"Судебный психиатр и криминалист, родоначальник антропологического направления в криминологии ",Разное,Ч. Ломброзо,Р. Ринальдини,Т. ди Лампедуза,Ф. Бартоломмео,Ч. Ломброзо
Какой из этих драгоценных камней является разновидностью минералов циркона?,Природа и животный мир,Гиацинт,Гелиодор,Альмандин,Хризопраз,Гиацинт
Кто из этих военачальников не был министром обороны СССР?,История,И. С. Конев,Г. К. Жуков,Р. Я. Малиновский,А. А. Гречко,И. С. Конев
Кто убил Петра Столыпина?,История,Богров,Засулич,Перовская,Азеф,Богров
"С кого собирал налоги Земский приказ, созданный в 1564 году и просуществовавший до 1699 года? ",История,с жителей Москвы,с крестьян российских деревень,с торговцев зерном,с крупных землевладельцев,с жителей Москвы
Чем или кем при российском дворе заведовал шталмейстер?,История,Царскими конюшнями,Царскими покоями,Царской псарней,Дворцовыми слугами,Царскими конюшнями
На гербе какого государства изображены черные пантеры?,География,Габон,Нигер,Малави,Кот-д'Ивуар,Габон
Какой нагревательный прибор не имеет фитиля?,Разное,примус,керосинка,керогаз,спиртовка,примус
Какое правило помогает определить направление магнитного поля электрического тока?,Наука,Правило буравчика,Правило винтика,Правило шпунтика,Правило шурупчика,Правило буравчика
"Что чинил кот-бегемот из романа ""Мастер и Маргарита""? ",Литература,примус,плитку,автомобиль,велосипед,примус
"Визитной карточкой какой рок-группы стали длиннющие, обычно рыжие, бороды солистов? ",Искусство,"""Зи Зи Топ""","""Пинк Флойд"""," ""Лед Зеппелин"""," ""Дип Пёрпл""","""Зи Зи Топ"""
Какое из этих деревьев - не из семейства березовых?,Наука,Берест,Ольха,Карельская береза,Граб,Берест
За чем не едет герой известной песенки Юрия Кукина?,Искусство,за деньгами,за мечтами,за туманом,за запахом тайги,за деньгами
"На фасаде какой гостиницы Москвы можно увидеть панно Врубеля ""Принцесса Грёза""? ",Искусство,"""Метрополь""","""Националь"""," ""Будапешт"""," ""Савой""","""Метрополь"""
"Что означает прозвище Калигула, под которым известен один из римских императоров? ",История,Сапожок,Ящерка,Маленький меч,Короткий плащ,Сапожок
"Какое животное изображено на картине Леонардо да Винчи ""Дама с горностаем""? ",Искусство,Хорек (альбинос),Горностай,Ласка,Норка,Хорек (альбинос)
"За что ответственна область мозга называемая ""область Вернике""? ",Разное,Понимание речи,Кратковременная память,Пространственное ощущение,Сон,Понимание речи
Какое море в XII - XIII века называлось Варяжским?,История,Балтийское,Чёрное,Азовское,Белое,Балтийское
Административным центром каких островов является город Гонолулу?,География,Гавайских,Панамских,Канарских,Вердинских,Гавайских
Какая российская теннисистка в 2004 году выиграла Уимблдонский турнир?,Спорт,М. Шарапова,Е. Дементьева,А. Мыскина,В. Звонарёва,М. Шарапова
"Какое министерство возглавлял Д. А. Гурьев, который придумал гурьевскую кашу? ",История,Финансов,Полиции,Юстиции,Морское,Финансов
Кто из этих биологов был пионером социобиологии?,Наука,Эдвард Осборн Уилсон,Джейн Гудолл,Стивен Гулд,Эрнст Майр,Эдвард Осборн Уилсон
Какой великий русский композитор одновременно был известным химиком?,Наука,Бородин,Римский-Корсаков,Даргомыжский,Глинка,Бородин
Что изучает семиотика?,Наука,Знаки и символы,Человекообразных обезьян,Происхождение слов,Флаги,Знаки и символы
В каком из этих алфавитов меньше всего букв?,Разное,Греческий,Латинский,Грузинский,Армянский,Греческий
Какой из учебных предметов не входит в КВАДРИВИУМ - следовавший за тривиумом повышенный цикл обучения в средние века?,История,Диалектика,Арифметика,Геометрия,Музыка,Диалектика
У кого внешний покров состоит из хитина?,Природа и животный мир,Членистоногие,Рыбы,Птицы,Млекопитающие,Членистоногие
"В каком монастыре восемь лет держали осаду монахи, не принявшие церковные реформы Никона? ",История,Соловецкий,Киевско-Печорский,Оптина Пустынь,Ипатьевский,Соловецкий
Кто из этих богов и богинь не был сыном или дочерью Зевса?,История,Деметра,Аполлон,Афина,Гермес,Деметра
Чему дал название хвост петуха?,Разное,смеси напитков (коктейль),стрижке панка,букету гладиолусов,детали токарного станка,смеси напитков (коктейль)
Решите древнеримский пример MD-CLXXX =?,История,MCCCXX,MCCLXX,MDLXXX,MCLXXX,MCCCXX
В какой стране зародился стиль рококо?,Искусство,Франция,Италия,Австрия,Испания,Франция
Что означает слово ТСУГА?,Природа и животный мир,Хвойное дерево,Лиственное дерево,Народ в Лесото,Народ в Ботсване,Хвойное дерево
Какая порода собак не существует?,Природа и животный мир,Монтефорт-терьер,Керн-терьер,Чешский терьер,Силихем-терьер,Монтефорт-терьер
Какие московские пруды назывались когда-то Погаными?,История,Чистые,Патриаршьи,Борисовские,Царицынские,Чистые
Каким стихотворным размером Гомер написал «Илиаду» и «Одиссею»?,Литература,гекзаметром,александрийским стихом,пятистопным ямбом,анапестом,гекзаметром
Какой стихотворный размер использовал А. С. Пушкин в стихотворении про Вещего Олега?,Литература,Амфибрахий,Дактиль,Анапест,Ямб,Амфибрахий
Как в России в старину называли изумруд?,История,Смарагд,Карбункул,Диамант,Яхонт,Смарагд
Кто из этих российских деятелей не имел титул светлейшего князя?,История,Ромодановский,Меншиков,Кутузов,Горчаков,Ромодановский
Какое из этих английских графств самое большое по территории?,География,Хэмпшир,Эссекс,Корнуолл,Стаффордшир,Хэмпшир
Сколько мачт у брига?,Разное,2,1,3,4,2
Что из перечисленного изготовляется не из абрикосов?,Разное,Сабза,Урюк,Кайса,Курага,Сабза
Какова длина носа Статуи Свободы?,География,"1,37 м",0,76 м,0,"1,37 м"
Кому из этих героев удалось бежать после падения Трои?,История,Эней,Парис,Троил,Гектор,Эней
"Из какого языка пришло слово ""алгебра""? ",Наука,Арабского,Греческого,Санскрита,Иврита,Арабского
Как называется боковая часть пистолета?,Разное,Щека,Лоб,Спина,Затылок,Щека
С каким философом Екатерина II вела дружескую переписку?,История,Вольтер,Декарт,Руссо,Паскаль,Вольтер
"Рояли какой фирмы после советской национализации назывались ""Красный Октябрь""? ",Разное,"""Беккер""","""Бехштейн"""," ""Блютнер"""," ""Стейнвей""","""Беккер"""
Кто в юном возрастел был избран жрецом Юпитера и не имел права садится на коня?,История,Юлий Цезарь,Марк Антоний,Гней Помпей,Марк Аврелий,Юлий Цезарь
Уравнение Максвелла относится к...,Наука,Электромагнетизму,Классической механике,Статике,Квантовой механике,Электромагнетизму
"Как называлась античная мера длины, составляющая чуть меньше двух метров? ",История,оргия,вакханалия,сатурналия,бардак,оргия
Во что Онегин играл сам с собой в доме своего дяди?,Литература,бильярд,шахматы,домино,рулетка,бильярд
Какой буквой греческого алфавита обозначается отношение длины окружности к её диаметру?,Наука,Пи,Гамма,Бета,Альфа,Пи
Какая мышца в теле человека самая крупная?,Природа и животный мир,Ягодичная,Грудная,Икроножная,Дельтовидная,Ягодичная
Какого цвета были московские метели в песне Пахмутовой?,Искусство,Синего,Серого,Белого,Черного,Синего
"Переход к демократической форме правления в какой стране был назван ""бархатной революцией""? ",История,Чехословакия,Португалия,Испания,Польша,Чехословакия
На какой реке стоит Минск?,География,Свислочь,Сож,Буг,Западная Двина,Свислочь
"Какой древнегреческий философ любил повторять: ""Я знаю, что ничего не знаю""? ",История,Сократ,Демокрит,Эпикур,Аристотель,Сократ
На каком из этих спутников предполагают наличие жидких морей подо льдом?,Наука,Европа,Ио,Деймос,Харон,Европа
Какие водные артерии Петербурга соединяет Зимняя канавка?,География,Неву с Мойкой,Мойку с каналом Грибоедова,Обводный канал с Фонтанкой,Фонтанку с каналом Грибоедова,Неву с Мойкой
Как называется один из притоков Невы?,География,Пряжка,Стежка,Кружка,Ложка,Пряжка
В какой стране Элвис Пресли дал концерты в 1957 году?,Искусство,Канада,Мексика,Франция,Великобритания,Канада
Композитор Альфред Шнитке родился в городе…,Искусство,Энгельс,Карл-Маркс-Штадт,Ленинск,Сталинград,Энгельс
Какой художник рисует животных?,Искусство,анималист,баталист,маринист,пейзажист,анималист
Назовите год присуждения Михаилу Горбачеву Нобелевской премии мира.,История,1990,1991,1989,1988,1990
Какая форма государственного правления Сан-Марино?,История,Республика,Княжество,Герцогство,Архиепископство,Республика
За чью дочь выдавала себя княжна Тараканова?,Литература,Елизаветы Петровны,Анны Иоанновны,Екатерины I,Петра III,Елизаветы Петровны
"какой пьесе Шекспира Мендельсон написал мелодию, известную как свадебный марш? ",Литература,«Сон в летнюю ночь»,«Много шума из ничего»,«Укрощение строптивой»,«Комедия ошибок»,«Сон в летнюю ночь»
"Как в государственном праве называется официальное провозглашение (обнародование) закона, принятого парламентом? ",Разное,Промульгация,Пролификация,Пролексизация,Пролиферация,Промульгация
Где были изготовлены самые первые (из дошедших до нас) монеты?,История,Лидия,Рим,Шумер,Израиль,Лидия
Каким воинским подразделением в 1919 году командовал Чапаев?,История,Дивизией,Корпусом,Взводом,Полком,Дивизией
"Назовите имя героини драмы М. Ю. Лермонтова ""Маскарад"" ",Литература,Нина,Мария,Китти,Лиза,Нина
"Как называется пневматический ""молоток"" для взламывания асфальта? ",Разное,Отбойный,Забойный,Убойный,Бесшумный,Отбойный
"Что посетила Алиса, попав в Страну чудес? ",Литература,Безумное чаепитие,Глупый завтрак,Непродуманный обед,Безобразный ужин,Безумное чаепитие
Какой из городов является столицей Швейцарской конфедерации?,География,Берн,Базель,Цюрих,Женева,Берн
Какой химический элемент был впервые получен из морских водорослей?,Наука,Йод,Фосфор,Сера,Калий,Йод
Вождём какого племени был Монтесума?,История,Ацтеки,Майя,Инки,Ирокезы,Ацтеки
"В каком направлении НАСА запускает ракеты, чтобы получить преимущество от вращения Земли? ",Наука,Восток,Север,Юг,Запад,Восток
Какой город был центром русской колонизации Сибири?,История,Тобольск,Томск,Тюмень,Иркутск,Тобольск
В каком созвездии самая яркая звезда называется Вега?,Наука,Лира,Орёл,Гончие Псы,Большая Медведица,Лира
Какое отчество было у Пьера Безухова?,Литература,Кириллович,Александрович,Константинович,Владимирович,Кириллович
Чего так боится бленнофоб?,Разное,Слизи,Пыли,Голубого цвета,Длинных волос,Слизи
Кто победил на конкурсе ''Мисс Мира'' в 1994 году?,Искусство,Айшвария Рай,Талиана Варгас,Алёна Казимировская,Инна Зобова,Айшвария Рай
Модификацией какого химического элемента является графит?,Наука,Углерод,Свинец,Железо,Кремний,Углерод
К какому классу относится большинство известных видов животных?,Природа и животный мир,Насекомые,Млекопитающие,Рыбы,Птицы,Насекомые
Как в досоветской России называлась стоянка извозчиков?,Разное,Биржа,Рынок,Ставка,Торги,Биржа
Как называется южноамериканский аналог степи?,География,Пампасы,Саванна,Тундра,Прерия,Пампасы
"Как называют боковые побеги томата, вырастающие из пазух листьев? ",Природа и животный мир,Пасынки,Свояки,Золовки,Падчерицы,Пасынки
Сколько резцов во рту здорового человека?,Разное,8,6,2,4,8
На какой конференции союзники по антигитлеровской коалиции создали ООН?,История,Сан-Франциской,Тегеранской,Постдамской,Ялтинской,Сан-Франциской
Какая организация ведала в России XVIII века государственными расходами?,История,Штатс-коллегия,Юстиц-коллегия,Ревизион-коллегия,Камер-коллегия,Штатс-коллегия
В каком городе был открыт первый в СССР рок-клуб?,История,Ленинград,Москва,Вильнюс,Тбилиси,Ленинград
"Название какого животного с греческого переводится как ""водяная лошадь""? ",Природа и животный мир,Гиппопотам,Носорог,Утконос,Ламантин,Гиппопотам
Какая страна ежегодно дарит Великобритании к Рождеству роскошную ёлку?,Разное,Норвегия,Финляндия,Швеция,Дания,Норвегия
Как с исландского переводится имя певицы Бьорк?,Искусство,Берёза,Осина,Ольха,Ясень,Берёза
Назовите административный центр Амурской области.,География,Благовещенск,Хабаровск,Владивосток,Иркутск,Благовещенск
"Какую фамилию носила управдом в фильме ""Бриллиантовая рука"" в исполнении Нонны Мордюковой? ",Фильмы,Плющ,Хвощ,Мощь,Борщ,Плющ
Кем по специальности был Петр Ильич Чайковский?,Искусство,Юристом,Химиком,Художником,Врачом,Юристом
"Какого путешественника туземцы Новой Гвинеи прозвали ""человеком с луны""? ",География,Миклухо-Маклая,Джеймса Кука,Френсиса Дрейка,Тура Хейердала,Миклухо-Маклая
"Отзвук произведения какого автора использовал А.С.Пушкин в первой строке ""Евгения Онегина""? ",Литература,Крылов,Державин,Барков,Лафонтен,Крылов
Из скольки фунтов состоит американская тонна?,Разное,2000,1000,200,100,2000
"Укажите название свободного населения Древней Греции, обладавшего гражданскими правами ",История,Демос,Метеки,Демиурги,Периэки,Демос
Из чего сделан корпус кларнета?,Искусство,древесина,никель,олово,медь,древесина
Кто был первым талисманом чемпионата мира по футболу?,Спорт,Львёнок Вилли,Пастушок Гаучито,Пёс Стайкер,Петушок Футикс,Львёнок Вилли
Какая точка одинакова для шкал Цельсия и Фаренгейта (оба термометра покажут одно и то же)?,Наука,-40 градусов,0 градусов,+32 градуса,-18 градусов,-40 градусов
"Как говорят о человеке, у которого нижняя одежда торчит из-под верхней? ",Разное,из-под пятницы суббота,из-под зимы лето,из-под утра вечер,семь пятниц на неделе,из-под пятницы суббота
"Кто написал «Камаринскую», о которой П. И. Чайковский сказал, что в ней «заключена вся русская симфоническая музыка»? ",Искусство,М. И. Глинка,Н. А. Римский-Корсаков,М. П. Мусоргский,А. П. Бородин,М. И. Глинка
Король какой страны подарил Петру I Янтарную комнату?,История,Пруссии,Швеции,Франции,Дании,Пруссии
Какая достопримечательность находится на берегу реки Джамна?,География,Тадж Махал,Ангкорвоат,Топкапы,Запретный город,Тадж Махал
"Какая рыба, чтобы освободиться от крючка, часто ""делает свечу""? ",Природа и животный мир,Щука,Осетр,Налим,Карась,Щука
"Кто из лауреатов Нобелевской премии является одним из ""отцов"" лазера? ",Наука,А. М. Прохоров,П. Л. Капица,А. Д. Сахаров,Л. Д. Ландау,А. М. Прохоров
Монахи какого ордена ведали инквизицией наряду с доминиканцами?,История,Францисканцы,Бернардинцы,Паулины,Бенедиктинцы,Францисканцы
"Кто из этих великих целителей прошлого написал трактат ""О медицине""? ",История,Цельс,Гиппократ,Авиценна,Парацельс,Цельс
"Как назывался пражский трактир, в котором арестовали бравого солдата Швейка? ",Литература,"""У чаши""","""У площади"""," ""У кружки"""," ""У рюмашки""","""У чаши"""
Кто был первым чемпионом мира по шахматам?,Спорт,Стейниц,Ласкер,Алехин,Калабланка,Стейниц
Из чего сделаны пластинки ксилофона?,Искусство,Из дерева,Из пластмассы,Из меди,Из стали,Из дерева
Какой остров раньше назывался Формозой?,География,Тайвань,Таити,Гаити,Калимантан,Тайвань
Какой химический элемент имеет символ Rn?,Наука,Радон,Рутений,Рений,Рубидий,Радон
От слова какого языка произошло слово хоругвь?,Разное,Монгольский,Польский,Старославянский,Крымскотатарский,Монгольский
"Какие животные, согласно ""Илиаде"", содержались в стойлах царя Авгия, которые очистил Геракл? ",История,Быки,Овцы,Лошади,Единороги,Быки
Чьё имя до 1924 года носила пионерская организация Советского Союза?,История,Спартака,Ленина,Троцкого,Макаренко,Спартака
В каком городе обосновалось коллаборационистское правительство Петена в период оккупации Франции немецкими войсками?,История,Виши,Реймс,Шартр,Бурж,Виши
"Как называлась северо-восточная часть франкского государства Меровингов, в 6-7 вв. временами обособлявшаяся в отдельное королевство? ",История,Австразия,Дакия,Франкония,Остзея,Австразия
"Название какого головного убора само говорит, что его задача — создавать тень? ",Разное,сомбреро,канотье,панама,стетсон,сомбреро
Где были выкованы металлические звенья Невской ограды Летнего сада?,Разное,В Туле,В Екатеринбурге,В Санкт-Петербурге,В Москве,В Туле
"Кто создал Лестерский кодекс - тетрадь научных работ, которую Билл Гейтс приобрел за 30 миллионов долларов? ",Наука,Леонардо да Винчи,Лейф Эрикссон,Юлий Цезарь,Иоганн Гутенберг,Леонардо да Винчи
Чего боится охлофоб?,Разное,Толпы,Змей,Открытого пространства,Наказания,Толпы
"Как в Древнем Риме называли жрецов (или жриц), гадавших только по внутренностям жертвенных животных? ",История,Гаруспики,Авгуры,Весталки,Бестиарии,Гаруспики
Какой хан Золотой Орды ввел там ислам в качестве государственной религии?,История,Узбек,Азис,Тохтамыш,Чжанибек,Узбек
Что создал выходец из России Давид Сарнов?,Разное,NBC,MTV,CNN,BBC,NBC
Кто такие парсы?,Разное,Зороастрийцы,Каста в Индии,Исмаилиты,Ловцы жемчуга,Зороастрийцы
"Каким типом корабля был ""Кореец"", храбро сражавшийся вместе с ""Варягом"" против японской эскадры? ",История,Канонерская лодка,Миноносец,Торпедный катер,Десантный корабль,Канонерская лодка
В каком месяце 1941 г. японская авиация напала на Пёрл-Харбор?,История,Декабрь,Сентябрь,Октябрь,Ноябрь,Декабрь
"Как звали царя, трое сыновей которого тоже стали русскими царями? ",История,Алексей,Михаил,Фёдор,Пётр,Алексей
Какая участь постигла национальное достояние Южной Кореи — городские ворота XIV века Суннемун?,История,их сжёг злоумышленник,разрушены землетрясением,съедены жучком,разрушены землетрясением,их сжёг злоумышленник
Что в Якутии после Октябрьской революции 1917 года использовали вместо бумажных денег?,История,винные этикетки,берестяные грамоты,почтовые марки,театральные билеты,винные этикетки
В каком году Фернан Магеллан отправился в кругосветное плаванье?,История,1519,1542,1507,1531,1519
Последняя жена Генриха VIII,История,Екатерина Парр,Екатерина Ховард,Анна Клевская,Евгения Сеймор,Екатерина Парр
На какой радиостанции работает Николай Фоменко?,Искусство,Русское радио,Наше радио,Не наше радио,Европа плюс,Русское радио
Выше какого здания Николай I запретил строить дома в Санкт-Петербурге?,История,Зимний дворец,Исаакиевский собор,Смольный институт,Адмиралтейство,Зимний дворец
Из чего в Японии делают нэцкэ?,Разное,"Дерево, кость",Бобы,свинина,Рыба,"Дерево, кость"
Какую внешнюю политику называют дипломатией канонерок?,Разное,Открытого насилия,Консервативную,Выжидательную,Дружественную,Открытого насилия
"Как называется коллекционирование музыкальных, литературных и других звукозаписей? ",Разное,Филофония,Филокартия,Филумения,Филателия,Филофония
Чьим спутником является Харон?,Наука,Плутона,Нептуна,Юпитера,Урана,Плутона
В каком из этих фильмов две главные роли сыграли Л. Касаткина и П. Кадочников?,Фильмы,"""Медовый месяц""","""Укрощение строптивой"""," ""Вызываем огонь на себя"""," ""Мать Мария""","""Медовый месяц"""
"В какую часть ""Божественной комедии"" Данте поместил Адама? ",Литература,"""Рай""","""Ад"""," ""Чистилище""",Он не писал о нем,"""Рай"""
Чему равен один британский фут?,Разное,30.48 см,30.50 см,30.52 см,30.43 см,30.48 см
"Какая самая высокая гора на Урале, если считать до начала разработки некоторых из них? ",География,Народная,Благодать,Магнитная,Ямантау,Народная
Кто был вторым космонавтом?,История,Титов,Гагарин,Терешкова,Армстронг,Титов
Кто такая золовка?,Разное,Сестра мужа,Сестра жены,Жена брата,Дочь крестной,Сестра мужа
К каким обезьянам относился Пират. сыгравший в фильме «Полосатый рейс»?,Фильмы,Шимпанзе,Мартышки,Макаки,Павианы,Шимпанзе
Кто из конкистадоров покорил империю инков?,История,Франсиско Писарро,Васко Нуньес де Бальбоа,Эрнан Кортес,Франсиско де Орельяна,Франсиско Писарро
Какую продукцию долгое время единственный в стране выпускал Сясьский комбинат в Ленинградской области?,Разное,Туалетную бумагу,Спички,Клей,Телевизоры,Туалетную бумагу
Назовите основную денежную единицу Венгрии?,Разное,Форинт,Лев,Фартинг,Толар,Форинт
Назовите природную среду обитания страуса эму,Природа и животный мир,Австралия,Африка,Южная Америка,Индонезия,Австралия
Кого или что Леонид Семаков в своей песне назвал зеленогорбыми верблюдами?,Искусство,туристов,черепах,волны,холмы,туристов
Что изучает колеоптеролог?,Природа и животный мир,Жуков,Ископаемых птиц,Змей,Червей,Жуков
"Кем, согласно древнегреческой мифологии, Электра приходилась Оресту? ",История,Сестра,Мать,Дочь,Жена,Сестра
Как называются денежные купюры Армении?,Разное,драмы,комедии,трагедии,фарсы,драмы
Что на Руси называли ветрилом?,История,Парус,Киль,Палубу,Борт,Парус
Облик каких животных принимают отражения лебедей на картине Сальвадора Дали?,Искусство,слонов,жирафов,пингвинов,страусов,слонов
Какая единица в системе СИ носит имя изобретателя Николы Тесла?,Наука,Магнитной индукции,Электрической проводимости,Радиоактивности,Напряжения,Магнитной индукции
Гибрид каких злаков называется ТРИТИКАЛЕ?,Природа и животный мир,Рожь и пшеница,Овес и рис,Просо и ячмень,Пшеница и ячмень,Рожь и пшеница
Сколько опер написано Бетховеном?,Искусство,1 (Фиделио),2,3,4,1 (Фиделио)
"Что в царской России, кроме обычного инвентаря, входило в экипировку дворника? ",История,Свисток,Револьвер,Сабля,Жезл,Свисток
Из какой пьесы Чехова Фаина Раневская взяла свой псевдоним?,Литература,"""Вишневый сад""","""Три сестры"""," ""Свадьба"""," ""Чайка""","""Вишневый сад"""
"От названия какой части ноги произошло английское слово ""футбол""? ",Спорт,ступня,голень,колено,бедро,ступня
Каким было полное имя набоковской Лолиты?,Литература,Долорес,Лора,Лаура,Элоиза,Долорес
В какой стране в Средние века был впервые получен этиловый спирт?,История,Италия,Россия,Германия,Франция,Италия
Как назывался город Алма-Ата до 1921 г.?,История,Верный,Гордый,Крепкий,Твердый,Верный
"Во время какого крестьянского восстания происходит действие пушкинской ""Капитанской дочки""? ",Литература,Емельяна Пугачева,Нестора Махно,Степана Разина,Ивана Болотникова,Емельяна Пугачева
"На пьедестале чьего памятника высечены слова: ""Остановивший Солнце, сдвинувший Землю""? ",Разное,Николай Коперник,Галилео Галилей,Джордано Бруно,Клавдий Птолемей,Николай Коперник
Что означает название месяца октябрь?,Разное,восьмой,жёлтый,дождливый,десятый,восьмой
Какой стиль изложения по-книжному называется лапидарным?,Литература,"Краткий, четкий, ясный",Замысловатый,цветистый,Наукообразный,"Краткий, четкий, ясный"
Какое море называют дамским?,География,Саргассово,Адриатическое,Мраморное,Тасманово,Саргассово
"Какой английский футбольный клуб называют ""дачниками""? ",Спорт,Фулхэм,Эвертон,Астон Вилла,Болтон,Фулхэм
Назовите старшую из великих княжон - дочерей Николая II,История,Ольга,Анастасия,Мария,Татьяна,Ольга
С кем сравнивает себя находящийся в постоянных хлопотах человек?,Разное,С белкой в колесе,С пауком в банке,С белкой в колесе,С птицей в клетке,С белкой в колесе
Сколько струн у контрабаса?,Искусство,4,3,5,6,4
"Назовите имя учёного монаха, который первым предложил в 525 г. вести начало счёта годов от рождества Христова. ",История,Дионисий,Гимелий,Парфений,Климентий,Дионисий
"Кто написал сказку ""Спящая царевна""? ",Литература,В. А. Жуковский,И. А. Крылов,М. В. Ломоносов,А. П. Чехов,В. А. Жуковский
Какое море соединяется с Мраморным проливом Босфор?,География,Черное,Адриатическое,Эгейское,Средиземное,Черное
Среди какого народа долго жил Миклухо-Маклай?,История,Папуасы,Маори,Алеуты,Самоанцы,Папуасы
"Как звали Чацкого из ""Горе от ума""? ",Литература,Александр Андреевич,Алексей Андреевич,Александр Сергеевич,Андрей Александрович,Александр Андреевич
В каком городе находится мечеть с самым высоким в мире минаретом?,География,Касабланка,Стамбул,Мекка,Джакарта,Касабланка
"Какой советский космический корабль в 1975 году пристыковался к американскому ""Аполлону""? ",История,"""Союз-19""","""Восток-6"""," ""Восход-2"""," ""Прогресс-8""","""Союз-19"""
В какой стране расположен город Антверпен?,География,Бельгия,Нидерланды,Дания,Германия,Бельгия
Чем скрепляются между собой различные металлические элементы Эйфелевой башни?,Разное,заклёпками,болтами,сварными швами,шурупами-саморезами,заклёпками
Что в 1966 году открыли Советские ученые в Антарктике на глубине трех километров?,Наука,Пресное озеро,Затонувший корабль,Огромный метеорит,Залежи урана,Пресное озеро
"В каком году было т. н. Кровавое воскресенье в Лондондерри, Сев. Ирландия? ",История,1972,1969,1976,1974,1972
Сколько мест в стандартном российском плацкартном вагоне?,Разное,54,48,52,56,54
"Какой плод на латыни называется ""армянской сливой""? ",Природа и животный мир,абрикос,алыча,персик,айва,абрикос
Сколько длилась дней Великая Отечественная Война?,История,1418,1520,1456,1475,1418
Раньше в примитивных светильниках использовалось деревянное масло. Что это за масло?,Разное,Оливковое,Подсолнечное,Льняное,Рыбий жир,Оливковое
В какой стране в 1960 году Сиримаво Бандаранаике стала первой женщиной премьер-министром?,История,Шри-Ланка,Малайзия,Тайланд,Пакистан,Шри-Ланка
"Полуостров, разделяющий моря Карское и Лаптевых. ",География,Таймыр,Атолл,Новая Земля,Сахалин,Таймыр
"Сколько попыток в самом начале игры даётся игроку в боулинг, чтобы сбить 10 кеглей? ",Спорт,Две,Одна,Три,Четыре,Две
Укажите годы жизни М. Мусоргского?,Искусство,1839-1881,1891-1953,1840-1893,1792-1856,1839-1881
Какой хореограф более 30 лет сотрудничал с композитором Игорем Стравинским?,Искусство,Джордж Баланчин,Майа Плисецкая,Михаил Барышников,Марта Грэм,Джордж Баланчин
"Какой из легковых автомобилей, производившихся в бывших соц. странах, был фактически советской ""Победой""? ",Разное,"""Варшава""","""Дачиа"""," ""Застава"""," ""Трабант""","""Варшава"""
Как зовут главных героев повести ''Ночевала тучка золотая'' А.Приставкина?,Литература,Саша и Коля,Саша и Петя,Саша и Вася,Саша и Ваня,Саша и Коля
Чьими снами интересовались поэт Михаил Матусовский и композитор Владимир Шаинский в совместной песне?,Искусство,Крейсера «Аврора»,Медного всадника,Исаакиевского собора,Ростральной колонны,Крейсера «Аврора»
"В чьи обязанности вxодит указывать крановщику, как поднимать и куда доставлять груз? ",Разное,Такелажник,Кровельщик,Каменщик,Плановик,Такелажник
Кто от имени советского Верховного Главнокомандования принял капитуляцию фашистской Германии?,История,Жуков,Рокосовский,Конев,Молотов,Жуков
В каком городе происходит действие фильма «Асса»?,Фильмы,Ялта,Алушта,Сочи,Кисловодск,Ялта
Действие какой из новелл Проспера Мериме протекает на Корсике?,Литература,"""Маттео Фальконе""","""Таманго"""," ""Партия в триктрак"""," ""Этрусская ваза""","""Маттео Фальконе"""
Как в СССР называлась одна из разновидностей лотереи?,Разное,"""Спринт""","""Старт"""," ""Кросс"""," ""Ринг""","""Спринт"""
"Кто написал поэму ""Ода к радости""? ",Литература,Фридрих Шиллер,Мартин Лютер,Иоганн Вольфганг фон Гёте,Генрих Гейне,Фридрих Шиллер
Информацию о чём содержит в себе древнеегипетский папирус Ринда?,История,Математика,Политика,Религия,Любовь,Математика
Как зовут самую знаменитую героиню детской писательницы Памелы Трэверс?,Литература,Мэри Поппинс,Пеппи Длинный чулок,Тутта Карлссон,Гермиона Грейнджер,Мэри Поппинс
В каком чине был выпущен из лицея Александр Пушкин?,Литература,Коллежский секретарь,Надворный советник,Коллежский регистратор,Титулярный советник,Коллежский секретарь
"""Фирменным"" спектаклем какого театра является ""Принцесса Турандот""? ",Искусство,Имени Вахтангова,"""Ленком""",Сатиры,БДТ,Имени Вахтангова
Что поручено охранять сотне стражников швейцарской гвардии?,История,папу и Ватикан,штаб-квартиру ООН,Букингемский дворец,Белый дом в Вашингтоне,папу и Ватикан
"Автор романа ""Триумфальная арка""?",Литература,Ремарк,Дюма,Пикуль,Конан Дойль,Ремарк
Какой советский маршал в 1948 году стал министром национальной обороны Польши?,История,Рокоссовский,Малиновский,Жуков,Конев,Рокоссовский
"Какой из этих романов написан не кем-нибудь из сестер Бронте (Шарлоттой, Эмили или Анной)? ",Литература,Аргонавты,Шерли,Агнес Грей,Грозовой перевал,Аргонавты
Детективные произведения какого автора почти всегда связаны со скачками и скаковыми лошадьми?,Литература,Дик Фрэнсис,Джеймс Чейз,Гордон Диксон,Филипп Дик,Дик Фрэнсис
Что можно сделать с помощью постромок?,Разное,запрячь лошадь,научиться плавать,посеять что-либо,повесить картину,запрячь лошадь
С какого события начинается летоисчисление древних Греков?,История,С первой олимпиады,Троянская война,Сотворение мира,Основание Афин,С первой олимпиады
"Рыба, вьющая гнезда в заросляx водорослей. ",Природа и животный мир,Морская колюшка,Угорь,Осетр,Камбала,Морская колюшка
"Слово ""энциклопедия"" греческого происхождения. Что оно означает дословно? ",История,Обучение в полном круге,Широкий круг сведений,Детский кружок творчества,Фундамент образования,Обучение в полном круге
Древнее название этой столицы европейского государства — Виндобона.,История,Вена,Вадуц,Вильнюс,Лиссабон,Вена
"Название какого европейского города первоначально означало ""датский город""? ",История,Таллин,Данди,Дюнкерк,Гданьск,Таллин
"В песне в поётся: ""Что стоишь, качаясь, тонкая рябина, головой склоняясь до самого тына"". А что такое ""тын""? ",Разное,Забор,Задняя стена дома,Крыльцо,Сеновал,Забор
Как называлась первая династия франков?,История,Меровинги,Каролинги,Капетинги,Валуа,Меровинги
"Кого, кроме Гамлета, играл в народном театре Юрий Деточкин — герой фильма «Берегись автомобиля»? ",Фильмы,Чацкого,Хлестакова,Онегина,Отелло,Чацкого
Какой математический знак указывает на порядок действий?,Наука,Скобки,Равно,Интеграл,Модуль,Скобки
В каком городе родилась известная актриса Фаина Раневская?,Искусство,Таганрог,Москва,Одесса,Ялта,Таганрог
Сколько шашек находится на доске в начале партии в русские шашки?,Разное,24,12,36,40,24
"Какой показатель является неизменным в автогонках, с 1923 года проходящих около французского города Ла-Ман? ",Спорт,время,скорость,количество участников,расстояние,время
Здание какого вокзала Москвы спроектировал архитектор К.Тон - автор Оружейной палаты Кремля?,История,Ленинградского,Курского,Киевского,Рижского,Ленинградского
"Как звали следователя из романа Ф. М. Достоевского ""Преступление и наказание""? ",Литература,Порфирий Петрович,Перфилий Павлович,Порфирий Павлович,Перфилий Петрович,Порфирий Петрович
Кто был первым программистом?,Наука,Ада Байрон,Чарльз Беббидж,Блез Паскаль,Билл Гейтс,Ада Байрон
Какой остров самый большой по площади в мире?,География,Гренландия,Калимантан,Австралия,Сахалин,Гренландия
"Сколько кораблей вернулось, совершив первое кругосветное плаванье в экспедиции Магеллана, в Севилью? ",История,Один,Два,Три,Четыре,Один
Когда возникло первое славянское государственное образование на Балканском п-ове - Семь славянский племён?,История,7-й век,5-й век,6-й век,8-й век,7-й век
Кто из этих великих художников долго жил на Таити?,Искусство,Гоген,Сезанн,Дега,Матисс,Гоген
Как герой фильма «Белорусский вокзал» назвал свой батальон?,Фильмы,Непромокаемый,Непотопляемый,Непобедимый,Неприступный,Непромокаемый
Самая высокая гора мира?,География,Эверест,Аконкагуа,Килиманджаро,Мак-Кинли,Эверест
"Какой английский писатель придумал слово ""лилипут""? ",Литература,Джонатан Свифт,Даниель Дефо,Уильям Теккерей,Чарльз Диккенс,Джонатан Свифт
"Какую кличку носил герой Миронова из кинофильма ""Бриллиантовая рука""(по сценарию)? ",Фильмы,"Граф (Геннадий Петрович Козодоев, он же Геша)",Князь,Барон,Купец,"Граф (Геннадий Петрович Козодоев, он же Геша)"
В каком городе родился пророк Мухаммед (Магомет)?,История,Мекка,Медина,Мемфис,Дамаск,Мекка
"Что означает немецкое словосочетание ""крафт тойфель"", от которого произошло слово ""картофель""? ",Разное,Дьявольская сила,Земляная пища,Чудесный плод,Богатырский дух,Дьявольская сила
Кто из русских царей написал свод уставов по соколиной охоте?,История,Алексей Михайлович,Иван Грозный,Пётр I,Пётр III,Алексей Михайлович
Какое ремесло возрождал в России Михаил Васильевич Ломоносов?,История,Мозаику,Керамику,Литьё,Ковку,Мозаику
Как звали мать Родиона Раскольникова?,Литература,Пульхерия Александровна,Авдотья Романовна,Марфа Петровна,Лизавета Ивановна,Пульхерия Александровна
Какая из пряностей приготавливается из цветочных бутонов?,Природа и животный мир,Гвоздика,Горчица,Корица,Тмин,Гвоздика
Музыку какого композитора Андрей Тарковский использовал в фильме «Солярис»?,Фильмы,Бах,Моцарт,Бетховен,Гендель,Бах
4 пенса в старину?,История,Гроут,Фартинг,Полукрона,Шиллинг,Гроут
Что такое наргиле?,Разное,Вид кальяна,Сорт сливы,Арбузный мед,Верблюжья колючка,Вид кальяна
Какой из этих диснеевских мультфильмов был создан раньше остальных?,Фильмы,"""Белоснежка и семь гномов""","""Бемби"""," ""Золушка"""," ""Пиноккио""","""Белоснежка и семь гномов"""
Какое из этих старинных орудий имело длинный ствол и применялось для стрельбы на дальние расстояния?,История,Кулеврина,Единорог,Мортира,Пищаль,Кулеврина
Чем становятся абрикосы высушенные вместе с косточкой?,Разное,Урюком,Курагой,Кайсой,Сабзой,Урюком
Какова высота футбольных ворот?,Спорт,244 см (8 футов),200 см,264 см,190 см,244 см (8 футов)
Источником какого металла является минерал киноварь?,Наука,Ртути,Вольфрама,Железа,Меди,Ртути
"Как называют музыканта, играющего на сопилке? ",Искусство,сопилкарь,сопильник,соплист,сопилюшник,сопилкарь
Кто забил решающий мяч за сборную Франции в финале чемпионата Европы по футболу 2000 года?,Спорт,Трезеге,Зидан,Анри,Вильторд,Трезеге
"На какого популярного в начале 70-х певца сочинили эпиграмму ""Прекрасно быть певцом и со своим лицом!""? ",Искусство,Кола Бельды,Муслим Магомаев,Эдуард Хиль,Иосиф Кобзон,Кола Бельды
"Как звали одного из самых колоритных персонажей оперетты Кальмана ""Принцесса цирка""? ",Искусство,Пеликан,Баклан,Фламинго,Буревестник,Пеликан
В каком стиле работал архитектор Растрелли?,Искусство,Барокко,Готика,Классицизм,Рококо,Барокко
Какой штат наименьший по площади в США?,География,Род-Айленд,Канзас,Коннектикут,Делавэр,Род-Айленд
Когда празднуют Всемирный день здоровья?,Разное,В апреле,В январе,В августе,В ноябре,В апреле
"Кто сказал ""Государство - это я!""? ",История,Людовик XIV,Октавиан Август,Наполеон Бонапарт,Борис Березовский,Людовик XIV
В каком заповеднике в 1991 году произошло тайное подписание акта о расформировании СССР?,История,Беловежская пуща,Тебердинский,Шульган-Таш,Брянский лес,Беловежская пуща
"На основе какого напитка готовится коктейль ""Маргарита""? ",Разное,Текила,Ром,Водка,Коньяк,Текила
"Как звучит полное имя главной героини повести Тургенева ""Ася""? ",Литература,Анна,Анастасия,Александра,Ксения,Анна
"Как звучит буквальный перевод с французского юридического термина ""форс-мажор""? ",Разное,Непреодолимая сила,Внезапное событие,Изменение условий,Безвыходная ситуация,Непреодолимая сила
Как называется место для одного локомотива в железнодорожном депо?,Разное,Стойло,Гараж,Ангар,Сектор,Стойло
"Как полиграфисты называют привычную нам форму книги, пришедшую на смену древним свиткам? ",Литература,Кодекс,Суффикс,Люрекс,Журфикс,Кодекс
Как называется свод условных знаков и пояснений к карте?,География,Легенда,Абрис,Кроки,Кодекс,Легенда
В какой столице состоялся первый конкурс российских красавиц?,Разное,Париж,Петербург,Москва,Лондон,Париж
Сколько стихотворных строк в любом сонете?,Литература,14,12,16,18,14
"Какая программа Российского телевидения занесена в книгу ""Рекордов Гиннеса""? ",Фильмы,Клуб путешественников,Очевидное-невероятное,В мире животных,Что? Где? Когда?,Клуб путешественников
Как называется партизанская война в Испании и Латинской Америке?,История,Герилья,Бандерилья,Сендерилья,Гереро,Герилья
Какой актрисе Нико Пиросмани подарил миллион алых роз?,Искусство,Марго Де Севр,Марлен Дитрих,Вера Холодная,Полина Виардо,Марго Де Севр
В какой праздник немец Матиас Руст посадил свой самолет возле Красной площади?,Разное,День пограничника,День милиции,День чекиста,День авиации,День пограничника
Какое из этих слов означает также и род деревьев?,Природа и животный мир,Каркас,Балка,Арка,Остов,Каркас
Какой химический элемент обозначается Pb?,Наука,Свинец,Золото,Олово,Полоний,Свинец
Какой из этих российских придворных чинов был ниже остальных?,История,Камергер,Гофмейстер,Гофмаршал,Шталмейстер,Камергер
Кто из неуловимых мстителей выкрал стратегическую карту из кабинета полковника Кудасова?,Фильмы,Валерка,Данька,Яшка,Ксанка,Валерка
Где родилось выражение «момент истины»?,Разное,На корриде,В суде,В церкви,На дуэли,На корриде
Какая страна первая потопило судно с помощью торпеды?,История,Россия,Великобритания,Германия,Турция,Россия
"Как ботаник классифицирует растение, известное в России как Иван-да-Марья? ",Природа и животный мир,Фиалка трехцветная,Фиалка полевая,Фиалка душистая,Фиалка собачья,Фиалка трехцветная
Амплуа династии цирковых артистов Кантемировых?,Искусство,Наездники-джигиты,Иллюзионисты,Эквилибристы,Дрессировщики,Наездники-джигиты
Что является главным компонентом болотного газа?,Наука,Метан,Водород,Ацетилен,Сероводород,Метан
"Кто автор бессмертной ""Похвалы Глупости""? ",Литература,Эразм Роттердамский,Ларошфуко,Франсуа Рабле,Вольтер,Эразм Роттердамский
"Как раньше называлось парусное судно ""Крузенштерн"", которое ходит под российским флагом? ",Разное,"""Падуя""","""Пекин"""," ""Пассат"""," ""Проссейн""","""Падуя"""
"Что в старину означало слово ""браный""? ",История,Вытканный с узорами,Имеющий отношение к войне,Обработанный бороной,Богохульный,Вытканный с узорами
Какое оружие помогло зажечь олимпийский огонь на играх в Барселоне?,Спорт,лук,копьё,винтовка,пистолет,лук
Какой породы была тургеневская Муму?,Литература,Спаниель,Пудель,Болонка,Дворняжка,Спаниель
Кто автор высказывания «Любите книгу — источник знаний»?,Литература,Горький,Ленин,Маяковский,Луначарский,Горький
Где правит королевский дом Бернадотов?,История,Швеция,Монако,Англия,Норвегия,Швеция
У какого животного коренные зубы могут смениться в течение жизни 6 раз?,Природа и животный мир,Слон,Медведь,Зубр,Тигр,Слон
Чему равна 1 английская кварта?,Разное,1.136 л,0.142 л,4.546 л,0.568 л,1.136 л
Какая техника письма использовалась при написании Моны Лизы Да Винчи?,Искусство,Сфумато,Спретсатура,Сфрегаззи,Серлиано,Сфумато
Какая из богинь судьбы в греческой мифологии перерезает нить жизни?,История,Атропа,Немесида,Лахесис,Клото,Атропа
На логотипе какой из этих операционных систем изображен пингвин?,Наука,Linux,Windows,FreeBSD,Solaris,Linux
При какой температуре по Цельсию закипает вода на вершине Эвереста?,Наука,68 градусов,100 градусов,128 градусов,не кипит вообще,68 градусов
"Как назывался первый атлас всех звезд, видимых невооруженным глазом, который был издан в 1603 году Иоганном Байером? ",Наука,"""Уранометрия""","""Космотеория"""," ""Небесная сфера"""," ""Светила""","""Уранометрия"""
В каком городе находится ГРАНД ОПЕРА?,География,Париж,Вашингтон,Лондон,Милан,Париж
Чья шерсть идёт на изготовление мутоновой шубы?,Разное,Овцы,Козла,Верблюда,Собаки колли,Овцы
"Как называется крупнейший в мире алмаз, весивший 621,2 грамма? ",Природа и животный мир,Куллинан,Кох-И-Нур,Эксцельсиор,Южная Звезда,Куллинан
"Какая из этих академий имеет статус ""При правительстве РФ""? ",Разное,Народного хозяйства,Естественных наук,Славянской культуры,Театрального искусства,Народного хозяйства
Кем приходился Иоанн Безземельный Ричарду Львиное сердце?,История,Братом,Сыном,Внуком,Отцом,Братом
"Из какой басни И.А.Крылова пошло выражение:""Рыльце в пуху""? ",Литература,Лисица и сурок,Волк и лисица,Лисица и осёл,Ворона и лисица,Лисица и сурок
На борту какого корабля Наполеон сдался англичанам?,История,Беллерофон,Джей-Мария,Джустиниан,Конституция,Беллерофон
Сколько дней у православных продолжается Рождественский пост?,История,40,30,20,50,40
"Что означает слово ""цицеро""? ",Разное,Типографский шрифт,Минерал,Порода кур,Вид тайнописи,Типографский шрифт
Что такое РЕПЕТИР?,Разное,Механизм часов.,Амплуа актёра.,Режиссёр театра.,Геодезический прибор.,Механизм часов.
"Какая пометка, сделанная возле абзаца, обозначает, что на него надо обратить особое внимание? ",Разное,NB,FX,AA,PS,NB
"Какой из президентов США, подписал приказ об атомной бомбардировке городов? ",История,Трумэн,Эйзенхауэр,Кулидж,Рузвельт,Трумэн
Какое из этих озер является источником реки Миссисипи?,География,Итаска,Милле лакс,Миннетонка,Лесное озеро,Итаска
"На территории какой современной страны был убит (как говорят, мореплаватель Джеймс Кук? ",История,США,Папуа-Новая Гвинея,Австралия,Новая Зеландия,США
Какова вместимость одного из самых известных в мире зала Madison Square Garden в Нью-Йорке при проведении матчей NBA?,Спорт,19800,20500,18600,21200,19800
Какая российская теннисистка первой одержала победу на турнире Большого Шлема?,Спорт,Анастасия Мыскина,Анна Курникова,Мария Шарапова,Ольга Морозова,Анастасия Мыскина
Что коллекционирует фалерист?,Разное,Значки,Марки,Конверты,Открытки,Значки
От каких греческих слов образовано слово «гастроном»?,Разное,«желудок» и «закон»,«желудок» и «любовь»,«желудок» и «правда»,«желудок» и «вкус»,«желудок» и «закон»
"В какой из этих стран сейчас ""правит"" королева, а не король? ",География,Дания,Испания,Швеция,Норвегия,Дания
"Как называются все падежи, кроме именительного? ",Разное,Косвенные,Дополнительные,Вспомогательные,Побочные,Косвенные
Чему равна одна международная морская миля?,Разное,1852 м,1814 м,1836 м,1844 м,1852 м
Какая русская мера вместимости для сыпучих тел больше?,Разное,Четверть,Четверик,Ведро,Гарнец,Четверть
"Откуда, согласно греческой мифологии, появился на свет Пегас? ",История,Из крови горгоны Медузы,Из облака на горе Геликон,От звуков лиры Аполлона,Из вод источника Гиппокрена,Из крови горгоны Медузы
Тринадцатый чемпион мира по шахматам?,Спорт,Каспаров,Карпов,Фишер,Крамник,Каспаров
"Как называется московская площадь, на которой стоит памятник Юрию Долгорукому? ",География,Тверская площадь,Московская площадь,площадь Долгорукого,площадь Моссовета,Тверская площадь
Где расположен единственный в мире высокогорный каток под открытым небом «Медео»?,География,в Казахстане,в Туркмении,в Киргизии,в Узбекистане,в Казахстане
В каком веке христианство раскололось на православие и католицизм?,История,В 11 веке,В 10 веке,В 9 веке,В 12 веке,В 11 веке
Какой из королей в стандартной карточной колоде не имеет усов?,Разное,Корль червей,Король пик,Король треф,Король бубей,Корль червей
Назовите столицу Центральноафриканской республики,География,Банги,Яунде,Нджамена,Ниамей,Банги
"Каким учреждением числился подпольный ""веселый дом"" в ""Зойкиной квартире"" Булгакова? ",Литература,Ателье,Кафе,Аптека,Прачечная,Ателье
Какую из этих этнографических групп нельзя назвать грузинами?,География,Аварцы,Кахетины,Аджарцы,Имеритины,Аварцы
На территории какой страны были найдены останки ископаемого человека - синантропа?,История,Китай,Германия,Уганда,Египет,Китай
Какие музыкальные инструменты солируют в «Танце маленьких лебедей» из балета «Лебединое озеро»?,Искусство,Гобои,Виолончели,Кларнеты,Скрипки,Гобои
Из какой страны эмигрировали большинство героев Ремарка?,Литература,Германия,Австрия,Франция,Россия,Германия
"В каком месяце ""свеча горела на столе"" в стихотворении Бориса Пастернака? ",Литература,Февраль,Март,Январь,Декабрь,Февраль
Какой российский балетмейстер с 1985 по 1989 год руководил труппой Парижской оперы?,Искусство,Рудольф Нуриев,Михаил Барышников,Марис Лиепа,Леон Лавровский,Рудольф Нуриев
В каком регионе России находится старинный город Сарапул?,География,Удмуртия,Татарстан,Башкортостан,Оренбургская область,Удмуртия
Какой город является столицей штата Аляска?,География,Джуно,Остин,Олбани,Кингстон,Джуно
"Как звали роковую красавицу в романе Б. Акунина ""Азазель""? ",Литература,Амалия,Эмилия,Лилия,Камелия,Амалия
Что дало название единице массы карату?,Разное,Семена,Камни,Песчинки,Бусины,Семена
"Как в России называлась персидская серебряная монета в 4 абаза, ходившая на Кавказе во времена Лермонтова? ",История,Восьмигривенный,Полуполтина,Арапчик,Лобанчик,Восьмигривенный
"Кто из участников группы ""АББА"" был блондинкой? ",Искусство,Агнета,Бьёрн,Бенни,Фрида,Агнета
Что такое фьючерс?,Разное,Вид биржевого контракта,Парус на яхте,Глагол в будущем времени,Холодная закуска,Вид биржевого контракта
"В каком месяце 1945 года заканчивается действие повести ""Семнадцать мгновений весны""? ",Литература,Март (24),Февраль,Апрель,Май,Март (24)
Горсть чего бросают перед выходом на ковёр борцы сумо?,Спорт,Соли,Риса,Сои,Опилок бамбука,Соли
Какой из этих металлов не относится к группе платиновых?,Наука,Цезий,Иридий,Палладий,Рутений,Цезий
Какой калибр у пистолета Макарова?,Разное,9 мм,5.66 мм,7.62 мм,5.45 мм,9 мм
Под каким номером выступали на футбольных полях великие Пеле и Марадона?,Спорт,10,9,8,7,10
"Кто был мамой Снегурочки в поэтической ""весенней сказке"" А. Н. Островского? ",Литература,Весна,Зима,Вьюга,Луна,Весна
В какую страну Карл XII сбежал после Полтавской битвы?,История,Турция,Швеция,Дания,Франция,Турция
"Чем оказался ""мир"" в песни В.Бутусова? ",Искусство,Повестью,Сказкой,Фантастикой,Рассказом,Повестью
"Древние египтяне полагали, что у этой птицы нет мужского пола, а самки способны зачать от ветра? ",История,Коршун,Чайка,Голубь,Орел,Коршун
Как называется плотная шерстяная ткань с наклонными рубчиками?,Разное,Диагональ,Гипотенуза,Перпендикуляр,Медиана,Диагональ
Как называется один из самыx знаменитыx фильмов Альфреда Xичкока?,Фильмы,"""Псиxоз""","""Мания"""," ""Паранойя"""," ""Бред""","""Псиxоз"""
"Из какой ""оперы"" слово ШЕСТОПЕР? ",Разное,Старинное оружие,Реликтовая рыба,Вид шестерни,Ископаемая птица,Старинное оружие
К какой династии принадлежала английская королева Елизавета I?,История,Тюдоры,Виндзоры,Стюарты,Ланкастеры,Тюдоры
Какой из крупных японских городов находится на острове Хоккайдо?,География,Саппоро,Киото,Нагоя,Осака,Саппоро
"Как заканчивается признание А. С. Пушкина: ""Я пишу для себя, а печатаю... ""? ",Литература,Для денег,Для народа,Для славы,Для критиков,Для денег
Кто из этих руководителей белого движения в 1-ю мировую войну командовал Кавказской армией?,История,Юденич,Врангель,Деникин,Колчак,Юденич
В древнерусской живописи один из атрибутов архангела - тонкий жезл в его руке. Как этот жезл назывался?,Искусство,Мерило,Кондак,Орарь,Лор,Мерило
Как метил свои пули злодей из романа Майн Рида «Всадник без головы»?,Литература,К.К,Т.Т,М.М,С.С,К.К
Съёмки какого фильма свели Бреда Питта с Анджелиной Джоли?,Фильмы,"""Мистер и миссис Смит""","""Троя"""," ""Счастливы вместе"""," ""Лара Крофт-расхитительница гробниц""","""Мистер и миссис Смит"""
"С какой стороны от ресторана ""Плакучая ива"" находился туалет типа сортир? (к/ф ""Бриллиантовая рука"") ",фильмы,50 м на север,100 м на запад,30 м на юг,40 м на восток,50 м на север
"В каком фильме прозвучала фраза: «Возьму с собой „Идиота“, чтобы не скучать в троллейбусе»? ",Фильмы,«Весна»,«Весёлые ребята»,«Цирк»,«Волга-Волга»,«Весна»
"Режиссер легендарного фильма ""Троя""? ",Фильмы,Вольфганг Петерсен,Стивен Спилберг,Сергей Бондарч,Джеймс Камерон,Вольфганг Петерсен
Благодаря чему попали в Книгу рекордов Гиннеса странствующий альбатрос и африканский марабу?,Разное,Размах крыльев,Количество перьев,Дальность беспосадочного полёта,Вес,Размах крыльев
Что собирает девушка на картине Карла Брюллова «Итальянский полдень»?,Искусство,Виноград,Грибы,Пазл,Марки,Виноград
Какое произведение есть у Ги де Мопассана?,Литература,Пышка,Эклер,Слойка,Круассан,Пышка
"Назовите автора романа ""Капитан Фракасс"". ",Литература,Теофил Готье,Рафаэль Сабатини,Джозеф Конрад,Луи Буссенар,Теофил Готье
"Как назывался четырехмачтовый барк ""Крузенштерн"" до его передачи СССР после второй мировой войны? ",История,Падуя,Марсель,Гамбург,Барселона,Падуя
Кто в годы второй Мировой войны на собственном катере выслеживал немецкие подводные лодки?,История,Хемингуэй,Драйзер,Фицджеральд,Фолкнер,Хемингуэй
"Какое молодёжное движение избрало своим девизом фразу «Занимайтесь любовью, а не войной»? ",Разное,Хиппи,Панки,Металлисты,Рэпперы,Хиппи
Как называлась самая высокая горная вершина на территории СССР?,География,Пик Коммунизма,Пик Ленина,Пик Победы,Пик Революции,Пик Коммунизма
Какое животное в индуизме считается священным?,История,Корова,Тигр,Обезьяна,Слон,Корова
"Какого цвета скатерть на картине ""Тайная вечеря"" Да Винчи? ",Искусство,Белая,Красная,Зеленая,Черная,Белая
"С какими животными сражался на арене главный герой фильма 2000 г. ""Гладиатор""? ",Фильмы,Тигры,Шакалы,Львы,Леопарды,Тигры
Как звали героя романа английского писателя Сэмюэла Ричардсона «Кларисса»?,Литература,Ловелас,Казанова,Альфонс,Дон Жуан,Ловелас
"Какой роман Достоевского экранизировал в 1951 году Акира Куросава, перенеся его действие в послевоенную Японию? ",Литература,«Идиот»,«Преступление и наказание»,«Бесы»,«Братья Карамазовы»,«Идиот»
Какую из этих пьес написал не Е. Л. Шварц?,Литература,"""Двенадцать месяцев""","""Голый король"""," ""Снежная королева"""," ""Обыкновенное чудо""","""Двенадцать месяцев"""
"Кто написал книгу ""Иудейская война""? ",Литература,Иосив Флавий,Тит Ливий,Гай Светоний,Плутарх,Иосив Флавий
Какой из этих кинофильмов снял режиссёр Федерико Феллини?,Фильмы,"""Джинджер и Фред""","""Фанни и Александр"""," ""Дюль и Джим"""," ""Бони и Клайд""","""Джинджер и Фред"""
"Какой инвентарь используют на Олимпийских играх спортсмены, соревнующиеся в хаф-пайпе? ",Спорт,Сани,Лыжи,Коньки,Сноуборд,Сноуборд
За что Владимир Высоцкий был посмертно удостоен Государственной премии СССР?,Искусство,За военные песни,За роль Гамлета,За все творчество,За роль Жеглова,За роль Жеглова
"Какой инструмент в фильме ""Бриллиантовая рука"" Гена Козодоев сломал в ресторане ""Плакучая ива""? ",Фильмы,аккордеон,саксофон,ксилофон,тромбон,тромбон
"Сколько птиц сидит на снегу на картине Саврасова ""Грачи прилетели""? ",Искусство,4,2,3,1,1
Что делает царь Пётр I на картине Сурикова «Утро стрелецкой казни»?,Искусство,стоит в карете,сидит на троне,стоит с кнутом,сидит на коне,сидит на коне
"Кто был автором книги ""Основания психологии"" вводившей термин ""поток сознания""? ",Литература,Анна Фрейд,Карл Юнг,Альфред Адлер,Уильям Джеймс,Уильям Джеймс
На какой из картин изображена дочь мецената Саввы Ивановича Мамонтова?,Искусство," ""Всадница""","""Осенний день. Сокольники"""," ""Алёнушка""","""Девочка с персиками""","""Девочка с персиками"""
Кто считается автором Книги Притчей Ветхого Завета?,История,Давид,Моисей,Самуил,Соломон,Соломон
"Как называется синтетическое волокно, которое разработала Лаборатория высокомолекулярных соединений Академии наук СССР? ",Наука,капрон,вискоза,нейлон,лавсан,лавсан
"Как называлась первая книга, напечатанная Иваном Федоровым? ",Литература," ""Четьи-Минеи""","""Государь"""," ""Домострой""","""Апостол""","""Апостол"""
В каком виде спорта разыгрывают кубок Стэнли?,Спорт,Теннис,Футбол,Велоспорт,Хоккей,Хоккей